description,file_hash,file_name,weight
Malicious browser extension | Extension ID(s): nppjmiadmakeigiagilkfffplihgjlec | Source: MaliciousBrowserExtensions,000fc119f33317f8aeb6ebeaa106b6b57ec95dadffea42e2e5bfc36047a789b2,nppjmiadmakeigiagilkfffplihgjlec.crx,60
Malicious browser extension | Extension ID(s): glckmpfajbjppappjlnhhlofhdhlcgaj | Source: MaliciousBrowserExtensions,001c7c379752194472fca9ef1b1bf36d27f518ac64147a4e88907277f35b9755,glckmpfajbjppappjlnhhlofhdhlcgaj.crx,60
Malicious browser extension | Extension ID(s): jggpbfpigiemlipemocnijhapgoaflac | Source: MaliciousBrowserExtensions,00f7b97894fab8740aafa77288919b616acf932c2c0b053b6dcb5bc9512630c3,jggpbfpigiemlipemocnijhapgoaflac.crx,60
Malicious browser extension | Extension ID(s): ihbbgdnjojleljhjpenkkkbfbkhmaned | Source: MaliciousBrowserExtensions,00f8a4b8a72335b39b968ab1b60b311e7801791fd5173f48e0cfc4bec4eb7d4d,ihbbgdnjojleljhjpenkkkbfbkhmaned.crx,60
Malicious browser extension | Extension ID(s): kbmindomjiejdikjaagfdbdfpnlanobi | Source: MaliciousBrowserExtensions,0154d1a8f6f798778e0aad5bd1224983b92c7f433df37afcf7bf553802b893ee,kbmindomjiejdikjaagfdbdfpnlanobi.crx,60
Malicious browser extension | Extension ID(s): nodobilhjanebkafmpihkpoabiggnnfl | Source: MaliciousBrowserExtensions,01732b286fd5c8fddf279c2e6a6b463bbdea845aecd6bdfa5f7a5438a278a33b,nodobilhjanebkafmpihkpoabiggnnfl.crx,60
Malicious browser extension | Extension ID(s): ckicoadchmmndbakbokhapncehanaeni | Source: MaliciousBrowserExtensions,019f9f10f5ee31fb0f609b189f40e79fc492b14239a3d09e27964f4137c9a2c4,ckicoadchmmndbakbokhapncehanaeni.crx,60
Malicious browser extension | Extension ID(s): iglemaflhcmkkepecnoibopljmocgmld | Source: MaliciousBrowserExtensions,01a7b83bccd31c84d58b746884c92652fc514e9b8372a37a5af57180cd392e2f,iglemaflhcmkkepecnoibopljmocgmld.crx,60
Malicious browser extension | Extension ID(s): mllhkekmhgbdenahmkolmkijipddhbnn | Source: MaliciousBrowserExtensions,01d9a95ebc7c5df2f92ab549e0de556b580fb31762f4953be1b8ae89363cc6b1,mllhkekmhgbdenahmkolmkijipddhbnn.crx,60
Malicious browser extension | Extension ID(s): hiofkndodabpioiheinoiojjobadpgmj | Source: MaliciousBrowserExtensions,01e316cfb9272838f3bd04e48156dc7586041363919f0a9146758c057dfdf7f2,hiofkndodabpioiheinoiojjobadpgmj.crx,60
Malicious browser extension | Extension ID(s): doeomodlafdbbnajjllemacdfphbbohl | Source: MaliciousBrowserExtensions,021605ece3823e45aa37b70d4d3bea2b8ade8a7546d81e4d9b4fef56c9fd88c1,doeomodlafdbbnajjllemacdfphbbohl.crx,60
Malicious browser extension | Extension ID(s): kiijehifnnlnchkfgmlokakpfiooeigk | Source: MaliciousBrowserExtensions,021fc257ba052289e0e9e7e0036ff57378096b11b2bfff7e9695e6c47521388e,kiijehifnnlnchkfgmlokakpfiooeigk.crx,60
Malicious browser extension | Extension ID(s): pdgaknahllnfldmclpcllpieafkaibmf | Source: MaliciousBrowserExtensions,024189208133c3fc93c8f1e6d6200289f00f7b199d9e27184799580e8ece3063,pdgaknahllnfldmclpcllpieafkaibmf.crx,60
Malicious browser extension | Extension ID(s): medkneifmjcpgmmibfppjpfjbkgbgebl | Source: MaliciousBrowserExtensions,02a645b687a6d1a9a6868797151b55a6e49315ce23ef826f197be97a610d861f,medkneifmjcpgmmibfppjpfjbkgbgebl.crx,60
Malicious browser extension | Extension ID(s): hfaoffgdhhicckebnkgbakidhjnjpfic | Source: MaliciousBrowserExtensions,02ab91867a7adadf482e0e7f49b2f57834f4ef5a3eb76557936019382cf7c02c,hfaoffgdhhicckebnkgbakidhjnjpfic.crx,60
Malicious browser extension | Extension ID(s): ldijhinlhpiiooiknndjjdolhnpihbel | Source: MaliciousBrowserExtensions,032024cc8d2c5a7cd1f41548f791e602ba28de69e470696f6df2c6fb197c7190,ldijhinlhpiiooiknndjjdolhnpihbel.crx,60
Malicious browser extension | Extension ID(s): ibbkokjdcfjakihkpihlffljabiepdag | Source: MaliciousBrowserExtensions,0372e743fc8bddcb7cb5150a05de81c1675a182cc058350282aab3184476fa13,ibbkokjdcfjakihkpihlffljabiepdag.crx,60
Malicious browser extension | Extension ID(s): melcllbcepoakpgccapphgiilfefclfp | Source: MaliciousBrowserExtensions,039c7e17e52b181a69aea74b8901ccd06c779bbf7189e8ce7fb3761496907cc3,melcllbcepoakpgccapphgiilfefclfp.crx,60
Malicious browser extension | Extension ID(s): imjmnghlhiimodfkdkgnfplhlobehnpm | Source: MaliciousBrowserExtensions,03b0348b0b659b58fc2ee22e001944bf54f76f76e7d8fb6798a27a1bd7f8fdd7,imjmnghlhiimodfkdkgnfplhlobehnpm.crx,60
Malicious browser extension | Extension ID(s): pbecllekjbdgokpkfmgaggfmghfdipkn | Source: MaliciousBrowserExtensions,03f177c9b30786c05b07f8957231589af64dc50eb0296c290209c3a8348ea8a9,pbecllekjbdgokpkfmgaggfmghfdipkn.crx,60
Malicious browser extension | Extension ID(s): enclhmjiadiphdbnpkdhkelcahjnnhcp | Source: MaliciousBrowserExtensions,041c3614e3794a4a1f7b1a83add393c75d217785148d809b83ff1ae70da461e4,enclhmjiadiphdbnpkdhkelcahjnnhcp.crx,60
Malicious browser extension | Extension ID(s): nlfkaldinolmacagmiddfpnfaeclfibn | Source: MaliciousBrowserExtensions,04755ffcff7562011929484a59aaf54e637e67b0f6520cb419052f2eed28934f,nlfkaldinolmacagmiddfpnfaeclfibn.crx,60
Malicious browser extension | Extension ID(s): omghfjlpggmjjaagoclmmobgdodcjboh | Source: MaliciousBrowserExtensions,04c612da0b110a52652b77b0d504a34333fce7e525bbe94dffd11e70a24dd9ec,omghfjlpggmjjaagoclmmobgdodcjboh.crx,60
Malicious browser extension | Extension ID(s): bhahpmoebdipfoaadcclkcnieeokebnf | Source: MaliciousBrowserExtensions,050af4004c3159d89e7b5bdf0cf61a38a2050d990f5388b6124308fc36332ce8,bhahpmoebdipfoaadcclkcnieeokebnf.crx,60
Malicious browser extension | Extension ID(s): legdfnahnoeicgljlooibgkjphfaploh | Source: MaliciousBrowserExtensions,055e75f6dba47db81cbfd82c8e533e84ab6d7d0252a03c481651646734f8955d,legdfnahnoeicgljlooibgkjphfaploh.crx,60
Malicious browser extension | Extension ID(s): fjeahbfapbkbpaeijlhjokafegcgakmm | Source: MaliciousBrowserExtensions,05601c057be5683f8ce967c8882c199fa1cf96023f40d1e80c1d1da9a17ad5c2,fjeahbfapbkbpaeijlhjokafegcgakmm.crx,60
Malicious browser extension | Extension ID(s): phpjgmopmomaokbddkjpnnffmchbnagh | Source: MaliciousBrowserExtensions,05e5a7b095322dbf14f548d9861e6f0e5210ceff2db02bd43b5c2af6f38b2523,phpjgmopmomaokbddkjpnnffmchbnagh.crx,60
Malicious browser extension | Extension ID(s): hlnlameikmglaccgijanmlbocjcgcidn | Source: MaliciousBrowserExtensions,0600bd7b21cbedc0293810a692945acc4c64da1474eaec03b0fcd0eee4f13d05,hlnlameikmglaccgijanmlbocjcgcidn.crx,60
Malicious browser extension | Extension ID(s): falfcccfjmagebegdiaoiimndpdlmihh | Source: MaliciousBrowserExtensions,060fddc927366dc963052b65d15b3f4fab8322e9446c48bf5f5c3ba1f6f088e5,falfcccfjmagebegdiaoiimndpdlmihh.crx,60
Malicious browser extension | Extension ID(s): gfikbhpfjldbbikolkcimfgmejhdkjbe | Source: MaliciousBrowserExtensions,06de7e28f93e9800d7c35c3a7b4a1120d1b6ed62fdd83d20b50f3e2a83a9ddd0,gfikbhpfjldbbikolkcimfgmejhdkjbe.crx,60
Malicious browser extension | Extension ID(s): hkpmehimmmbnkjhijfpblfcfdmdolmgb | Source: MaliciousBrowserExtensions,07b29843958c62d55323d205a1a6fdc7786b6242563c090c4fe5a9afd71a0d79,hkpmehimmmbnkjhijfpblfcfdmdolmgb.crx,60
Malicious browser extension | Extension ID(s): acaeafediijmccnjlokgcdiojiljfpbe | Source: MaliciousBrowserExtensions,081db67eca4e062752fa79e1815cba5bc11e5cd69ae71a446eeea8fcb1f8ce1c,acaeafediijmccnjlokgcdiojiljfpbe.crx,60
Malicious browser extension | Extension ID(s): aikflfpejipbpjdlfabpgclhblkpaafo | Source: MaliciousBrowserExtensions,082da623f8125764943bff8df35c382f0aaae5b9c34081c4d32907515cb19619,aikflfpejipbpjdlfabpgclhblkpaafo.crx,60
Malicious browser extension | Extension ID(s): almalgbpmcfpdaopimbdchdliminoign | Source: MaliciousBrowserExtensions,086550e3621a498fbcdc4123058ab43ddaba56478c2613c2a55f1e2c9910398b,almalgbpmcfpdaopimbdchdliminoign.crx,60
Malicious browser extension | Extension ID(s): iincgojokhoknbhgjaljpihfegfpbjih | Source: MaliciousBrowserExtensions,087d1ffd8f294b486f824b7b9515fabfccad896091aaae7ae65c2ccd59ae448e,iincgojokhoknbhgjaljpihfegfpbjih.crx,60
Malicious browser extension | Extension ID(s): mpfokndmajkflgkbjjkmgcnkkoebelab | Source: MaliciousBrowserExtensions,088b06a0a7b1220338e3e5eafae7ab26abc5b466c97c32635dc63e56ccb7d707,mpfokndmajkflgkbjjkmgcnkkoebelab.crx,60
Malicious browser extension | Extension ID(s): cehifnkfcddaeppdajpfldbpommggaca | Source: MaliciousBrowserExtensions,08aed9f73f8b52f5aaae0f1468697c7ce3e5ac3ee184e6752344fc118dc1cd23,cehifnkfcddaeppdajpfldbpommggaca.crx,60
Malicious browser extension | Extension ID(s): jlbpahgopcmomkgegpbmopfodolajhbl | Source: MaliciousBrowserExtensions,091b40a04abd62a94aa9dca53d125ab17e910f249feed900eb544d974eafcba2,jlbpahgopcmomkgegpbmopfodolajhbl.crx,60
Malicious browser extension | Extension ID(s): ajjgfffcnelajekhpgnfhhehpjokkkjh | Source: MaliciousBrowserExtensions,092be3f5579dde4b1d0c84048737d391eed06396d5cfc6d198d69af2691408f3,ajjgfffcnelajekhpgnfhhehpjokkkjh.crx,60
Malicious browser extension | Extension ID(s): ifhigdhiifbnjanhacoedbadhmlkjgae | Source: MaliciousBrowserExtensions,0941b284c091818d52619f46be22ffce2d2042e6c285bd45e1250b46199fead5,ifhigdhiifbnjanhacoedbadhmlkjgae.crx,60
Malicious browser extension | Extension ID(s): kjhnajdlflnfmfdghcckbngdchajaime | Source: MaliciousBrowserExtensions,0a31448255e95114676aa958240ead2732cf030aacae850f73e99ab0cca5ff0f,kjhnajdlflnfmfdghcckbngdchajaime.crx,60
Malicious browser extension | Extension ID(s): phfkdailnomcbcknpdmokejhellbecjb | Source: MaliciousBrowserExtensions,0acd758fb7d648626864c105d31e602f06182500087d484e36f4fe433510dc10,phfkdailnomcbcknpdmokejhellbecjb.crx,60
Malicious browser extension | Extension ID(s): dljlpildgknddpnahppkihgodokfjbnd | Source: MaliciousBrowserExtensions,0b204f06a8f99b037fc4453c6367fd601b62e89307d5ab94d359da0764502675,dljlpildgknddpnahppkihgodokfjbnd.crx,60
Malicious browser extension | Extension ID(s): hmpjdeippjapohpkmalhmnohbipnggjf | Source: MaliciousBrowserExtensions,0b536e3447ed156a9a82fcac27a3ce6784906a37484b875954d8b71cb5db99bd,hmpjdeippjapohpkmalhmnohbipnggjf.crx,60
Malicious browser extension | Extension ID(s): lmcppmbdhnaehfibpnhddklfjijnkkep | Source: MaliciousBrowserExtensions,0b81a1cf59756eb1532cd4782885e8870221ebceb50828a9e9c50680def2126b,lmcppmbdhnaehfibpnhddklfjijnkkep.crx,60
Malicious browser extension | Extension ID(s): jmlgkeaofknfmnbpmlmadnfnfajdlehn | Source: MaliciousBrowserExtensions,0c40f821732857754109a7eb381439524bde4cbb4a4375137111d3591d45eca9,jmlgkeaofknfmnbpmlmadnfnfajdlehn.crx,60
Malicious browser extension | Extension ID(s): ecikmpoikkcelnakpgaeplcjoickgacj | Source: MaliciousBrowserExtensions,0c5dc37a6943c6ffb13faffc3b52094730d1eefacefa711a24385327f0fc4d7e,ecikmpoikkcelnakpgaeplcjoickgacj.crx,60
Malicious browser extension | Extension ID(s): ghedgpchgenefpjfjokdnlohlmbaoidb | Source: MaliciousBrowserExtensions,0c8b40867750b79a06e576207858129847871b8580921278b3c261f5a7cc03e1,ghedgpchgenefpjfjokdnlohlmbaoidb.crx,60
Malicious browser extension | Extension ID(s): hhlcpmdhlcoghhfgiiopcjbkfmdliknc | Source: MaliciousBrowserExtensions,0d6628b5efceb9053f91871ee25fe48fb97d9e8764cf1e0a252535a7a8a90684,hhlcpmdhlcoghhfgiiopcjbkfmdliknc.crx,60
Malicious browser extension | Extension ID(s): fdhjfohpmnliieiimdncnheflacobldp | Source: MaliciousBrowserExtensions,0d6de4b97a555d59e180ad0deb5165f8b867667a8a5d6924b38d12b963904349,fdhjfohpmnliieiimdncnheflacobldp.crx,60
Malicious browser extension | Extension ID(s): cmeoegkmpbpcoabhlklbamfeidebgmdf | Source: MaliciousBrowserExtensions,0e682b942eee0dd8650e26c52fb51ddd33c4db5a2a2689877d1f647c1784a964,cmeoegkmpbpcoabhlklbamfeidebgmdf.crx,60
Malicious browser extension | Extension ID(s): ocbpehjjgkamhchhclbdabhenpghggfb | Source: MaliciousBrowserExtensions,0ec74de2c3f666addf4b07f34d3b441c598f5226d88261b5bb444cf3852a69de,ocbpehjjgkamhchhclbdabhenpghggfb.crx,60
Malicious browser extension | Extension ID(s): ppjnfdpomlboeahlcacaenjnhfjbhlcn | Source: MaliciousBrowserExtensions,0ecefbbda5ad05110550c14612672cafbd6f64255352d9cfdaccd3ec589b2780,ppjnfdpomlboeahlcacaenjnhfjbhlcn.crx,60
Malicious browser extension | Extension ID(s): iggbnejemgjglnmkfjipacpfnbblkhgc | Source: MaliciousBrowserExtensions,0f2be31c31c97dd7aa7c04878471f8c3908459835c232ca60269f5b1bda34e6b,iggbnejemgjglnmkfjipacpfnbblkhgc.crx,60
Malicious browser extension | Extension ID(s): pgegfnolipocfakkldnkommjffijfejf | Source: MaliciousBrowserExtensions,0f3474d0c2255270a41b109d3b5bab1c1f0fe65358ce4c08218bd8a4600d9cf2,pgegfnolipocfakkldnkommjffijfejf.crx,60
Malicious browser extension | Extension ID(s): alcopdbbehlpelbaaglhlgljkkljkppi | Source: MaliciousBrowserExtensions,0f3bf56207cb816c1d224dcb9a1cd3a90d0cf5613083bdc487fa342a67cb74f0,alcopdbbehlpelbaaglhlgljkkljkppi.crx,60
Malicious browser extension | Extension ID(s): peegmjemnahkkbmkddeiiodljofeajmp | Source: MaliciousBrowserExtensions,0fac0ba7c3cd0c24a8cafeec31de7154b1d6e891c3391de4ca8f589d1438777e,peegmjemnahkkbmkddeiiodljofeajmp.crx,60
Malicious browser extension | Extension ID(s): jiofmdifioeejeilfkpegipdjiopiekl | Source: MaliciousBrowserExtensions,0fc09471a999b618cf5fda737528da595788c151dd26d6e7bcb82298d3495b96,jiofmdifioeejeilfkpegipdjiopiekl.crx,60
Malicious browser extension | Extension ID(s): cijkehnfggjlcjlijaichfjbokalnleo | Source: MaliciousBrowserExtensions,0fcb8abe4d07f988e43d3e963d318694e034717729a042835ab18d37820bede3,cijkehnfggjlcjlijaichfjbokalnleo.crx,60
Malicious browser extension | Extension ID(s): hbchogodnlgpdafoeobeffknfmdlnofo | Source: MaliciousBrowserExtensions,1012073e958bbe08ecf6a76d1239d149ee3e6c90f1a6be46895ca182cb268c1d,hbchogodnlgpdafoeobeffknfmdlnofo.crx,60
Malicious browser extension | Extension ID(s): fiiegliakbailegmmgdpjfodaeheabjm | Source: MaliciousBrowserExtensions,10396316c66a1a61bc727086c18410b9692a727ef2dac4d45163fd46522e74db,fiiegliakbailegmmgdpjfodaeheabjm.crx,60
Malicious browser extension | Extension ID(s): noabkafiljbjmpbfafppbfclccikkafl | Source: MaliciousBrowserExtensions,10634af0ee70e49d21652a09e2992fc834acbac91b6d0c332bba01272430ffa4,noabkafiljbjmpbfafppbfclccikkafl.crx,60
Malicious browser extension | Extension ID(s): phiphcloddhmndjbdedgfbglhpkjcffh | Source: MaliciousBrowserExtensions,107e77478c0477308c04f23d28ceec39c903a0e3c740e4ed39952a8d9fd278e8,phiphcloddhmndjbdedgfbglhpkjcffh.crx,60
Malicious browser extension | Extension ID(s): hafhkoalnlpoifpidohfjlmeemfifndi | Source: MaliciousBrowserExtensions,109c745de4aada9e28995f8e29125f2229dcd5bb785e3f681de87111286355e7,hafhkoalnlpoifpidohfjlmeemfifndi.crx,60
Malicious browser extension | Extension ID(s): ncpdkpcgmdhhnmcjgiiifdhefmekdcnf | Source: MaliciousBrowserExtensions,10d85f3b23e8636731ceaeab8d484ac4d048bf0272c5fee2f120ccab31f2a034,ncpdkpcgmdhhnmcjgiiifdhefmekdcnf.crx,60
Malicious browser extension | Extension ID(s): jnnkcihkpoljaejgnmaohgbodpdmfmdg | Source: MaliciousBrowserExtensions,10f35edf5edb93ab12c98af5103d68ff913fb61a0efdeb488262f5dbc89a4c51,jnnkcihkpoljaejgnmaohgbodpdmfmdg.crx,60
Malicious browser extension | Extension ID(s): mnacfoefejolpobogooghoclppjcgfcm | Source: MaliciousBrowserExtensions,10f83a5eb3c39ae5f0932113457132af0f9dacf8d1a009e07e2cea59befdf5b7,mnacfoefejolpobogooghoclppjcgfcm.crx,60
Malicious browser extension | Extension ID(s): laombeiddkmdfbnfobjgebnfaedefidp | Source: MaliciousBrowserExtensions,1124e6d8154f4416f4eb3fabe5fc3907616e2ea463b733a10f19eb49c205bf57,laombeiddkmdfbnfobjgebnfaedefidp.crx,60
Malicious browser extension | Extension ID(s): olbjcieaiekojooccadpemmnofapfngl | Source: MaliciousBrowserExtensions,1194bc9d533814cd88263c794951cec2dc8572e4b3d71479d51a4b7bc46ff0bc,olbjcieaiekojooccadpemmnofapfngl.crx,60
Malicious browser extension | Extension ID(s): minbmnlpjbikmghooidgekahhooailhm | Source: MaliciousBrowserExtensions,11b96c3c08180b01a10d635038bebf4542d82083e8bb54f93f1f9fc77690aa38,minbmnlpjbikmghooidgekahhooailhm.crx,60
Malicious browser extension | Extension ID(s): hiohnobfeiimhgcjfkifogdlegijjhcl | Source: MaliciousBrowserExtensions,11c3df1c063ae5e3ca8b24e00581d81527233b6fbd6ea267dd70d41baa65d66d,hiohnobfeiimhgcjfkifogdlegijjhcl.crx,60
Malicious browser extension | Extension ID(s): nhjhcfdgfphedllolofcipdnjkjdihdj | Source: MaliciousBrowserExtensions,12983a2fac5326b83b67d2d2b3f1fbf52e9909f5af59b7eea56a2c9b3a98c259,nhjhcfdgfphedllolofcipdnjkjdihdj.crx,60
Malicious browser extension | Extension ID(s): bfkaeaehpekfmfkbindbledlfcbammaa | Source: MaliciousBrowserExtensions,12bb83a982a8c83911c3882a8ca996053eeb862764bff2ae72867f7c9b26b9b7,bfkaeaehpekfmfkbindbledlfcbammaa.crx,60
Malicious browser extension | Extension ID(s): nlipoenfbbikpbjkfpfillcgkoblgpmj | Source: MaliciousBrowserExtensions,1316c0bb6011d8d395e8de3f548ec7083a19daf13b5df618b2e451d0f61a255b,nlipoenfbbikpbjkfpfillcgkoblgpmj.crx,60
Malicious browser extension | Extension ID(s): aophoakdkaldkckgkgionphohmkhnkom | Source: MaliciousBrowserExtensions,13304d0824442fb8f2d91b664309b8a38cb80be20155c676f6ad0f2a33bd3d8a,aophoakdkaldkckgkgionphohmkhnkom.crx,60
Malicious browser extension | Extension ID(s): lbjopcoldneclmibpaomiencfonnlghk | Source: MaliciousBrowserExtensions,139bc09d097679178e37b228adc97b28e665ab8e716f397e3a0ff080438779bb,lbjopcoldneclmibpaomiencfonnlghk.crx,60
Malicious browser extension | Extension ID(s): ingmjmajmmhjmdnbhjkljhelcibnemnc | Source: MaliciousBrowserExtensions,139c28cb1df478473f2fe3e3c9f8b0ed3ed1f81f4958eb082626e6621dbd916d,ingmjmajmmhjmdnbhjkljhelcibnemnc.crx,60
Malicious browser extension | Extension ID(s): efdcnjhnhbnbcclppmfdgppjndkjince | Source: MaliciousBrowserExtensions,13f3ef8cbbb0f6b3e482aca66a9b91ff32a1ad7cd691fe271aea2f42d4b15e8f,efdcnjhnhbnbcclppmfdgppjndkjince.crx,60
Malicious browser extension | Extension ID(s): bifidmiaihofppodiocakodjjniiodcc | Source: MaliciousBrowserExtensions,14295127cf51f7c1690c1414825dc591629c0eef027c062f4186521019e09378,bifidmiaihofppodiocakodjjniiodcc.crx,60
Malicious browser extension | Extension ID(s): daefdbcalhpfoajkdeeobdamapepkdde | Source: MaliciousBrowserExtensions,1443def49376dc0a2c2fc2c50c260c0eca3a817797397d1f0f55239fad9ad844,daefdbcalhpfoajkdeeobdamapepkdde.crx,60
Malicious browser extension | Extension ID(s): cmlbghnlnbjkdgfjlegkbjmadpbmlgjb | Source: MaliciousBrowserExtensions,1576f7300465323be07bfaeb8291cb8213a4d58b098a910a969b222dca8f315e,cmlbghnlnbjkdgfjlegkbjmadpbmlgjb.crx,60
Malicious browser extension | Extension ID(s): fddajeklkkggbnppabbhkdmnkdjindlo | Source: MaliciousBrowserExtensions,1577505450f775e01da3365270ad033f5f11e0b3ec1d2378c10c92b4e677d531,fddajeklkkggbnppabbhkdmnkdjindlo.crx,60
Malicious browser extension | Extension ID(s): emaondhcbbhipmjggpanmiicfniaokbn | Source: MaliciousBrowserExtensions,15c2f0351d9fd6a6ea3f5e05a5ef25372d93b6f00783d05df336a5e595060688,emaondhcbbhipmjggpanmiicfniaokbn.crx,60
Malicious browser extension | Extension ID(s): pdokibcpfcjgjekalneegknionpagbmk | Source: MaliciousBrowserExtensions,168b793718f431952fc8db43f8194e3b0d1b23a9713f5ab9fda1ac3013f0a8aa,pdokibcpfcjgjekalneegknionpagbmk.crx,60
Malicious browser extension | Extension ID(s): mhekafflbaidbfikbjhdfioajiahflpg | Source: MaliciousBrowserExtensions,169db4130688c737467e814b4259d91ff5634750b8e3c180b5ec1edc9411fb29,mhekafflbaidbfikbjhdfioajiahflpg.crx,60
Malicious browser extension | Extension ID(s): bebcfnddlcnahgmdobbicnjbahlbgpnh | Source: MaliciousBrowserExtensions,16a1f1460150f69231663063b6eeefb0b5d5870fd117849ad81ef00e7b96593e,bebcfnddlcnahgmdobbicnjbahlbgpnh.crx,60
Malicious browser extension | Extension ID(s): hljeddeaafolhinnpdlbbjcjaoegkpeg | Source: MaliciousBrowserExtensions,170259893609d7160347e3c4e3e8367fdacbc500b84b96b37b08606526f65492,hljeddeaafolhinnpdlbbjcjaoegkpeg.crx,60
Malicious browser extension | Extension ID(s): kkejncpdhhnfmdebmpaacbcmgglkigdb | Source: MaliciousBrowserExtensions,17674707d72b492534c9cf9e87a6a14f9e0438433c1543a0c105a04668f69f63,kkejncpdhhnfmdebmpaacbcmgglkigdb.crx,60
Malicious browser extension | Extension ID(s): nppgecbeafccpgnhjjdlhpojicfjjblo | Source: MaliciousBrowserExtensions,176890b14319567648bb1e1157db1096de0139491414131c345aa978de8c42e5,nppgecbeafccpgnhjjdlhpojicfjjblo.crx,60
Malicious browser extension | Extension ID(s): djmablkipkgdabopcmofocepggopjjme | Source: MaliciousBrowserExtensions,186fa86effca0e1d3bceed2868c7f2234d304d9b57de2da41788ad2ceefd8e78,djmablkipkgdabopcmofocepggopjjme.crx,60
Malicious browser extension | Extension ID(s): cieikfpbkhkjfjaoijonmhnmodnnhgdo | Source: MaliciousBrowserExtensions,18ba59c97d7793be8fcd3c85a16eb6bacf253cefb74c744b3eae5d8d3e6235dd,cieikfpbkhkjfjaoijonmhnmodnnhgdo.crx,60
Malicious browser extension | Extension ID(s): pgcjglcfamomceaphhbmmhlbkbcmmhke | Source: MaliciousBrowserExtensions,18e05293cb8b2c350f45666208bd5556b2307a192816c3272549004dfcca8be1,pgcjglcfamomceaphhbmmhlbkbcmmhke.crx,60
Malicious browser extension | Extension ID(s): pjlheckmodimboibhpdcgkpkbpjfhooe | Source: MaliciousBrowserExtensions,19d67b315803fd68f4b90914d528a9f4afb24fc3519c5d8b214c99bd72260d72,pjlheckmodimboibhpdcgkpkbpjfhooe.crx,60
Malicious browser extension | Extension ID(s): injnjbcogjhcjhnhcbmlahgikemedbko | Source: MaliciousBrowserExtensions,1a09fad3ae7f94aa459d92e5131ba3cf1bf23ae1ad0eb0db5276cc1f885b06ee,injnjbcogjhcjhnhcbmlahgikemedbko.crx,60
Malicious browser extension | Extension ID(s): poaelinlofhkopdifffhlkioaojgfjge | Source: MaliciousBrowserExtensions,1a48eaf9b8d7531d6649b42aeaff29866dcde28855303c19b61faba8d6b4eca3,poaelinlofhkopdifffhlkioaojgfjge.crx,60
Malicious browser extension | Extension ID(s): phcfjgnhnpfjhpghiacilpocpcdcgljm | Source: MaliciousBrowserExtensions,1aa148274b65a9f10a89b9d1ddebf9b49168e214e6980c0a39d3942a2cb73b1f,phcfjgnhnpfjhpghiacilpocpcdcgljm.crx,60
Malicious browser extension | Extension ID(s): dmaibhbbpmdihedidicfeigilkbobcog | Source: MaliciousBrowserExtensions,1ab0c026052f3d01a4c15ee2197dc3b81d426fac1d3b8c76ac250ecaca3c86fc,dmaibhbbpmdihedidicfeigilkbobcog.crx,60
Malicious browser extension | Extension ID(s): eemheamahbooefoojcalafcadhebljfl | Source: MaliciousBrowserExtensions,1abe076915e1edc0f9c7be3acdf5897dfa58e385b59cf6ea53a778ff9ce3baa5,eemheamahbooefoojcalafcadhebljfl.crx,60
Malicious browser extension | Extension ID(s): kocbandikoadlapjnhpgbimaoncpnkpi | Source: MaliciousBrowserExtensions,1aebdff151240ad8738e9b835828cffd139ae2a627b662f555b4361260dc7b0d,kocbandikoadlapjnhpgbimaoncpnkpi.crx,60
Malicious browser extension | Extension ID(s): nlhpidbjmmffhoogcennoiopekbiglbp | Source: MaliciousBrowserExtensions,1b054c79a0673d78d75a31a1c612aaf4b42dcd6cff50088f1240cf1f5fa4dc34,nlhpidbjmmffhoogcennoiopekbiglbp.crx,60
Malicious browser extension | Extension ID(s): hnpgpecddlepclmbfpimdholohmhpiej | Source: MaliciousBrowserExtensions,1b2717f0ec515cab9ce0bf0dd8120a043bf3461c285e673f85c84db7895a0110,hnpgpecddlepclmbfpimdholohmhpiej.crx,60
Malicious browser extension | Extension ID(s): nbmoafcmbajniiapeidgficgifbfmjfo | Source: MaliciousBrowserExtensions,1b69a7ba54b029f163b7316ae62a1a74179ee4d3d8f10fc7a604b55e85fedea8,nbmoafcmbajniiapeidgficgifbfmjfo.crx,60
Malicious browser extension | Extension ID(s): gaafhblhbnkekenogcjniofhbicchlke | Source: MaliciousBrowserExtensions,1bd0fa3908bb91f7d5cdc065ae2c992e5efd3b5d1dbe357c39f9d5c091526065,gaafhblhbnkekenogcjniofhbicchlke.crx,60
Malicious browser extension | Extension ID(s): jnmmbmkmbkcccpihjgnhjmhhkokfdnfe | Source: MaliciousBrowserExtensions,1bf03830ff1fb34e1ab55835071318a5565072e5fa61d0f92293198ea1c8c1fe,jnmmbmkmbkcccpihjgnhjmhhkokfdnfe.crx,60
Malicious browser extension | Extension ID(s): hhebjfghjolapmbfpjeppcchgglanfgh | Source: MaliciousBrowserExtensions,1bf5b4c4a71c4219982d85ce8738e9a82f0f0aa189bf5b064f2c9b4babd41e42,hhebjfghjolapmbfpjeppcchgglanfgh.crx,60
Malicious browser extension | Extension ID(s): edakhofdfkcdhnmcjaacekhfgochaceo | Source: MaliciousBrowserExtensions,1c2266885f74a775a0c8cd304512eb6aa80825ab159523103140a57817671c7a,edakhofdfkcdhnmcjaacekhfgochaceo.crx,60
Malicious browser extension | Extension ID(s): lhmcjeognjknaapdledgjglikmhhcoan | Source: MaliciousBrowserExtensions,1c39d61f4c24a7e6060335f970ae0a90211975b6fbcef28b6530505c10afccef,lhmcjeognjknaapdledgjglikmhhcoan.crx,60
Malicious browser extension | Extension ID(s): cklafdlhkgikkkfoojcgjodehbdbakpa | Source: MaliciousBrowserExtensions,1c8893fd3369fd868aaaf7efaeacc49e478acc384c999eb3696bc916aba4601c,cklafdlhkgikkkfoojcgjodehbdbakpa.crx,60
Malicious browser extension | Extension ID(s): ajhpfcgpnkmokhpkchoonflmbemhcece | Source: MaliciousBrowserExtensions,1cbb15ef8b93a1de7154364f72e89ae360646d90969ac7779df42dad5a01c7b3,ajhpfcgpnkmokhpkchoonflmbemhcece.crx,60
Malicious browser extension | Extension ID(s): dcfplngdkjdeadfbnnklpnfpannnbjpk | Source: MaliciousBrowserExtensions,1ce71accc3ae7c5baafdc4b4516c4be1fbe1f71ff781f0ac39378b8c8fda5bce,dcfplngdkjdeadfbnnklpnfpannnbjpk.crx,60
Malicious browser extension | Extension ID(s): balkhnoegkmheodonbkhkaegibmamapp | Source: MaliciousBrowserExtensions,1cec3f11a4f23cdc14972dd36c17569dbf56954708e4bda868c2d882a9ce549e,balkhnoegkmheodonbkhkaegibmamapp.crx,60
Malicious browser extension | Extension ID(s): bfdlendomdpckfcegjjhgheignejhing | Source: MaliciousBrowserExtensions,1cf84971acf3e5bd0fe49340365f6882043815933dce087ffe1ea73054d395c2,bfdlendomdpckfcegjjhgheignejhing.crx,60
Malicious browser extension | Extension ID(s): koakjgkbcddoofklajpgeidodbanoijk | Source: MaliciousBrowserExtensions,1d740f948c8860679ca46859f996a084f1c862b5a8f9b6363714773dc83aca47,koakjgkbcddoofklajpgeidodbanoijk.crx,60
Malicious browser extension | Extension ID(s): pmfbomilkmcfpnpgbdodmdbgapghehef | Source: MaliciousBrowserExtensions,1d9a2c1a27809946ded38dc97ef66c025a07a49dfda70dda1a8cbe6e68971206,pmfbomilkmcfpnpgbdodmdbgapghehef.crx,60
Malicious browser extension | Extension ID(s): mmlpmfnhfgjpogjjleoklkfeipnnojgd | Source: MaliciousBrowserExtensions,1da9798ac18097978b23b885bf02f4078aaa1edb2601df3a125e0642021b011d,mmlpmfnhfgjpogjjleoklkfeipnnojgd.crx,60
Malicious browser extension | Extension ID(s): ojgndfedcnfkmohdcafiilpcenifhijd | Source: MaliciousBrowserExtensions,1db46228a9f11431457b7c07cafdb55998753fd20a142192b4828034c702379f,ojgndfedcnfkmohdcafiilpcenifhijd.crx,60
Malicious browser extension | Extension ID(s): anconclhkknnbkgiflfeppbcdoikcpca | Source: MaliciousBrowserExtensions,1dba9b30ef7b04e7ec8feddd7eb4cf3c8801f3b341e9bfbd2c15e6cc0062dcb2,anconclhkknnbkgiflfeppbcdoikcpca.crx,60
Malicious browser extension | Extension ID(s): fjfhejmbhpabkacpoddjbcfandjoacmb | Source: MaliciousBrowserExtensions,1dc4f307a1ee391eb3c24a28ae7f50a642c7c00b07c26ffd894b9ad513db15a8,fjfhejmbhpabkacpoddjbcfandjoacmb.crx,60
Malicious browser extension | Extension ID(s): pnlgcjdpkjbacmgcbaciffijdkpdjmib | Source: MaliciousBrowserExtensions,1df5938fdea2a2845a6caf6fb1ca2f33fc0d833d4cafc0585704279e47c59111,pnlgcjdpkjbacmgcbaciffijdkpdjmib.crx,60
Malicious browser extension | Extension ID(s): gcfianbpjcfkafpiadmheejkokcmdkjl | Source: MaliciousBrowserExtensions,1dfe51d04543775f16ed5991fb5b258eb16ab96dadf49e6028f79a0af68d0754,gcfianbpjcfkafpiadmheejkokcmdkjl.crx,60
Malicious browser extension | Extension ID(s): ibmaolbkpicpijpjecobinipoddeiogn | Source: MaliciousBrowserExtensions,1e3886c1eff6d466669718dfe8de7b3c949bbec8d8647608734e8807759c4e46,ibmaolbkpicpijpjecobinipoddeiogn.crx,60
Malicious browser extension | Extension ID(s): fpiolkbhpmebbdpanjfmnoacpkkdgbel | Source: MaliciousBrowserExtensions,1e746d526ea1e080f19a63a84c1fe00bd378ca6d68616c07fd2efdafa0878614,fpiolkbhpmebbdpanjfmnoacpkkdgbel.crx,60
Malicious browser extension | Extension ID(s): cgopijlpehalkmakdjmhjonljokilban | Source: MaliciousBrowserExtensions,1ea65e00060ef728824aa075c04539658cd81f6bb9f1f443c34878b1743e0351,cgopijlpehalkmakdjmhjonljokilban.crx,60
Malicious browser extension | Extension ID(s): pofmhdlbfflfkigmjhhhclnehmebifaf | Source: MaliciousBrowserExtensions,1ebe3c7251b5f9e6e04c67f19cc631e4dbfb13e4e710528ad586cd0b6b7a55c3,pofmhdlbfflfkigmjhhhclnehmebifaf.crx,60
Malicious browser extension | Extension ID(s): dbohcpohlgnhgjmfkakoniiplglpfhcb | Source: MaliciousBrowserExtensions,1ec01fd98caecb43d440261ab1b81048a9fb92f494ca066f3d62f6d314de0ce0,dbohcpohlgnhgjmfkakoniiplglpfhcb.crx,60
Malicious browser extension | Extension ID(s): ipmbpleekpckaonmiggklgoicdihkmml | Source: MaliciousBrowserExtensions,1eec50a62bc6e3d69b7a8b2d803bf9a4d86198e5e8eb9acbcf177ce5a1f286c2,ipmbpleekpckaonmiggklgoicdihkmml.crx,60
Malicious browser extension | Extension ID(s): pkadlokfbobblmiclilbgajkjcpaaopk | Source: MaliciousBrowserExtensions,2012d0d5539b89833f347247e2207acf7bd86b9b2df7ec73e38866e92822ca09,pkadlokfbobblmiclilbgajkjcpaaopk.crx,60
Malicious browser extension | Extension ID(s): ommpoiidlmdogdmcchcdhaknjjmobldb | Source: MaliciousBrowserExtensions,20a50b8553518f7462e8305c8b4c3eeeec1fedb56f5ab2d268c203a78d0237f6,ommpoiidlmdogdmcchcdhaknjjmobldb.crx,60
Malicious browser extension | Extension ID(s): belplhjdnniinakggihimnikmhiijenk | Source: MaliciousBrowserExtensions,21043c738dbc9afc285e30b2b8950ad314d8813252dbe4ca69c4839756c9d4d1,belplhjdnniinakggihimnikmhiijenk.crx,60
Malicious browser extension | Extension ID(s): bimjbbjnldbimpihljgakoidmgcnmleb | Source: MaliciousBrowserExtensions,21d321b61aa461b992ff5c697215cba9107849128393db4228c50d8e84504d3a,bimjbbjnldbimpihljgakoidmgcnmleb.crx,60
Malicious browser extension | Extension ID(s): ajfanjhcdgaohcbphpaceglgpgaaohod | Source: MaliciousBrowserExtensions,21dd863ff9bbd15da01c1218bf92bd65eeae04a41876e10c41733b58035414c4,ajfanjhcdgaohcbphpaceglgpgaaohod.crx,60
Malicious browser extension | Extension ID(s): dnmppgaamaeejibkgadfbmnpofmgnegf | Source: MaliciousBrowserExtensions,2261b25f80ef05846c204c7c7a9d878457ce2457ef877f7e563456a658006bb5,dnmppgaamaeejibkgadfbmnpofmgnegf.crx,60
Malicious browser extension | Extension ID(s): hjngolefdpdnooamgdldlkjgmdcmcjnc | Source: MaliciousBrowserExtensions,2261d1bedc10362b134a9a1a82af33ecf7f5b36b1fa62e61941810e61f4a3f50,hjngolefdpdnooamgdldlkjgmdcmcjnc.crx,60
Malicious browser extension | Extension ID(s): ecffkedpjhecoeeedbnembkgihnaoelk | Source: MaliciousBrowserExtensions,227b52764483054b37a6e90c77b1cc2b72b7e439fdc3f49c659b45d59f0661d3,ecffkedpjhecoeeedbnembkgihnaoelk.crx,60
Malicious browser extension | Extension ID(s): kkodiihpgodmdankclfibbiphjkfdenh | Source: MaliciousBrowserExtensions,22be9f2d5103500371abf73f4d5ab1fe757bf693e733e36e081839ab0a50852d,kkodiihpgodmdankclfibbiphjkfdenh.crx,60
Malicious browser extension | Extension ID(s): djibkmimcjaphppiekhbkpccfhlhhfbj | Source: MaliciousBrowserExtensions,22d68f18086a18b80e5b6e5ad42ee31540a2391187507c88a5726a17629782db,djibkmimcjaphppiekhbkpccfhlhhfbj.crx,60
Malicious browser extension | Extension ID(s): lmaaoejgcoaieeddmdpjpmhmbpepnckf | Source: MaliciousBrowserExtensions,2329d5950bdc429feb170f2cdb0c7925ab8b9c9f3e8609e909dfb8c1449b1365,lmaaoejgcoaieeddmdpjpmhmbpepnckf.crx,60
Malicious browser extension | Extension ID(s): jfbalacimgcefdnniabmbejpgnhdhgng | Source: MaliciousBrowserExtensions,237c1c094b32f0e80fc335983dda554ae11a3bf606a4d7d6ef87abf5578a86d4,jfbalacimgcefdnniabmbejpgnhdhgng.crx,60
Malicious browser extension | Extension ID(s): iipphhlmjmblpialebokpdpbnadodkbi | Source: MaliciousBrowserExtensions,23fc788f5c4d8e5f7de881a07c8420b5e4b8eb6af3dc3c5ca6b1911499c86220,iipphhlmjmblpialebokpdpbnadodkbi.crx,60
Malicious browser extension | Extension ID(s): geoalbipaogceeldlkhfnapeifhelefj | Source: MaliciousBrowserExtensions,2421784ccbdc70301d199abdddeacdd0c167db44868396522010c4d646f670b6,geoalbipaogceeldlkhfnapeifhelefj.crx,60
Malicious browser extension | Extension ID(s): fkmbekmghpabdjfobhpbnmpakibmfecm | Source: MaliciousBrowserExtensions,24386e248b1734a9317f591b3b96c53535899a2dc06df612ddb317bd646e9fe9,fkmbekmghpabdjfobhpbnmpakibmfecm.crx,60
Malicious browser extension | Extension ID(s): jbkmnkhkobkaegbhbeimoclnljmpknng | Source: MaliciousBrowserExtensions,2446198e51f2ed41db0a7797f6585513bd222af57af44ada475665a8160a405a,jbkmnkhkobkaegbhbeimoclnljmpknng.crx,60
Malicious browser extension | Extension ID(s): bjehnpiidogpaocjjfhnopdjcahigggm | Source: MaliciousBrowserExtensions,247acb11d3886256c527d02a96a29a6b1ea4f202f70ca1bc1dd3c1661805e85f,bjehnpiidogpaocjjfhnopdjcahigggm.crx,60
Malicious browser extension | Extension ID(s): bjfngoeclhbkpgdngfdolcpiofgdlbjm | Source: MaliciousBrowserExtensions,24859f8829d1adb30c217a33879786c008e03ab00e18bf891045511b021163a9,bjfngoeclhbkpgdngfdolcpiofgdlbjm.crx,60
Malicious browser extension | Extension ID(s): hfnikhbgpncbgfjnnccinpbijbaekaon | Source: MaliciousBrowserExtensions,24bb90a4aa94d0bf6a0a7d21bc4cb935bf63df73de1ab17e51513dbc2cb5efa4,hfnikhbgpncbgfjnnccinpbijbaekaon.crx,60
Malicious browser extension | Extension ID(s): jfdplfcifokiabbglfjeaanldjohogfd | Source: MaliciousBrowserExtensions,24c4f99380601e758a3273e756e4fa2d462eda27ea7376896e1bd70545228333,jfdplfcifokiabbglfjeaanldjohogfd.crx,60
Malicious browser extension | Extension ID(s): apgingficohkcjlkejipioacokkehnph | Source: MaliciousBrowserExtensions,24f11428295cf9b4fa705cc381b729aaded5c8257e45b2ab27f04075b1620681,apgingficohkcjlkejipioacokkehnph.crx,60
Malicious browser extension | Extension ID(s): aecccajigpipkpioaidignbgbeekglkd | Source: MaliciousBrowserExtensions,250927d3fc406fd6afbd2b84c9836ddbb0680579c0f643d70a6bb7717d6c9002,aecccajigpipkpioaidignbgbeekglkd.crx,60
Malicious browser extension | Extension ID(s): bdbhokpcdfeoljjcfdegkdapplhknpoj | Source: MaliciousBrowserExtensions,25bec86aa9ccdc0b491f2cf2d4c920407ae65cb20a274da6a4ec26daa440ba6a,bdbhokpcdfeoljjcfdegkdapplhknpoj.crx,60
Malicious browser extension | Extension ID(s): haochenfmhglpholokliifmlpafilfdc | Source: MaliciousBrowserExtensions,25c820535c15005d7fa53e76531af55657339a00933bb26304b38017c49e273c,haochenfmhglpholokliifmlpafilfdc.crx,60
Malicious browser extension | Extension ID(s): feeonheemodpkdckaljcjogdncpiiban | Source: MaliciousBrowserExtensions,25fa60897409cf44efc5b09f18fadec7dffe346b6f0a625b14fe4463ca7d49d1,feeonheemodpkdckaljcjogdncpiiban.crx,60
Malicious browser extension | Extension ID(s): nbgligggjfgkpphhghhjdoiefbimgooc | Source: MaliciousBrowserExtensions,261be9938f5c1bf2110084495f564e00cde34e9a4d6c6c9f0d40b6113553e56a,nbgligggjfgkpphhghhjdoiefbimgooc.crx,60
Malicious browser extension | Extension ID(s): lhhoicpajfbijboekonjnedpicpdijfe | Source: MaliciousBrowserExtensions,26d83b5e34f4d7618de02c403c457d1311abb6d5c478e9d16c216830c1f4fda1,lhhoicpajfbijboekonjnedpicpdijfe.crx,60
Malicious browser extension | Extension ID(s): npminpkniohlengkpngnepjllnfapelj | Source: MaliciousBrowserExtensions,26ed7e4f366c4aac8dfdf8b4fa97cca4f7eb02c0ec42ddb4c91dac034e7ad2e0,npminpkniohlengkpngnepjllnfapelj.crx,60
Malicious browser extension | Extension ID(s): onjinbkkfllnmlliccceepfccihgecdh | Source: MaliciousBrowserExtensions,2739f3ec15885ea713377994cdfbb1e6cee10920539089329bb0d6925d93e2cd,onjinbkkfllnmlliccceepfccihgecdh.crx,60
Malicious browser extension | Extension ID(s): phbankjceijddhfhcobljkjlcgmbfpoa | Source: MaliciousBrowserExtensions,275757b8de3960c945271160d28978c72308b9e4d833a518b30f2d57a0084d76,phbankjceijddhfhcobljkjlcgmbfpoa.crx,60
Malicious browser extension | Extension ID(s): efpnbpbclmfblbkicgpipnehglciohce | Source: MaliciousBrowserExtensions,2793492d851ddd8884341cf762570c541eae4675a4c06cb46319f707c4100bfe,efpnbpbclmfblbkicgpipnehglciohce.crx,60
Malicious browser extension | Extension ID(s): cedgndijpacnfbdggppddacngjfdkaca | Source: MaliciousBrowserExtensions,27fde9cdc03dff87321ccecb1c00f54a9c9a282662d9c83d0afec7606b1957b9,cedgndijpacnfbdggppddacngjfdkaca.crx,60
Malicious browser extension | Extension ID(s): pgdehgjcmgedooamahelcjeoghbnhmek | Source: MaliciousBrowserExtensions,287936cff9f094796e74bd7417b47c04f547d65d21a58de204a93db566e7a1ee,pgdehgjcmgedooamahelcjeoghbnhmek.crx,60
Malicious browser extension | Extension ID(s): cgajlbgdapgeohppnnhjemoodaakmplh | Source: MaliciousBrowserExtensions,2947abd4a7cc3fe38920396d5a5a124946698463afa455475c671e1b4ca16015,cgajlbgdapgeohppnnhjemoodaakmplh.crx,60
Malicious browser extension | Extension ID(s): dbcocmghepfnpobmefmdhmahefdmmkmi | Source: MaliciousBrowserExtensions,29a0f2f2a500f612876d374014915a46a0b7acd507275b78f73ed09595bf2039,dbcocmghepfnpobmefmdhmahefdmmkmi.crx,60
Malicious browser extension | Extension ID(s): fnjinbdmidgjkpmlihcginjipjaoapol | Source: MaliciousBrowserExtensions,29d67ac6e65c273fa506d8668bc9c4ca73900f672f0d62fad341a809955e6cc4,fnjinbdmidgjkpmlihcginjipjaoapol.crx,60
Malicious browser extension | Extension ID(s): lfadaehpomkfpaikipnlicfnncpifekm | Source: MaliciousBrowserExtensions,2a1fd2509756eb88baad2749bf58736bc1d3ac10d58503f7eb44d759d6fbcb1b,lfadaehpomkfpaikipnlicfnncpifekm.crx,60
Malicious browser extension | Extension ID(s): mifhdbomjebcedjhoclccddgmmjhpkne | Source: MaliciousBrowserExtensions,2ac5ee42c7c7c34a8f84443287911d95301d6acd8fb9b45468472b83f0d19ffa,mifhdbomjebcedjhoclccddgmmjhpkne.crx,60
Malicious browser extension | Extension ID(s): bdnanfggeppmkfhkgmpojkhanoplkacc | Source: MaliciousBrowserExtensions,2acc16227c6a27d50c11a2362cb4abecdb94635d869854d4b60a5604a1b804c5,bdnanfggeppmkfhkgmpojkhanoplkacc.crx,60
Malicious browser extension | Extension ID(s): akkkopcadaalekbdgpdikhdablkgjagd | Source: MaliciousBrowserExtensions,2ad5a3fe4b438f5630d090eda4a9bc2cfbb1e9e6bb0c71d26318e46b3b25cbe6,akkkopcadaalekbdgpdikhdablkgjagd.crx,60
Malicious browser extension | Extension ID(s): mpalaahimeigibehbocnjipjfakekfia | Source: MaliciousBrowserExtensions,2b99f49a09443503ccc5e3fd2660436f76b49f0419e8b800dca611d186355827,mpalaahimeigibehbocnjipjfakekfia.crx,60
Malicious browser extension | Extension ID(s): ghjfmhihfoplmefplnojpiobcoinddhj | Source: MaliciousBrowserExtensions,2bd7f204b4defe39eead88c66be730e7d9471b27c6da3b93ce48725f917a601a,ghjfmhihfoplmefplnojpiobcoinddhj.crx,60
Malicious browser extension | Extension ID(s): gidejehfgombmkfflghejpncblgfkagj | Source: MaliciousBrowserExtensions,2be70641c32e542080e10fa4661a68bf8a63d921f465e3aab766b2dbe404ac67,gidejehfgombmkfflghejpncblgfkagj.crx,60
Malicious browser extension | Extension ID(s): plbebfjeklpfmffhcknkhbbdpjfkoenc | Source: MaliciousBrowserExtensions,2c64fba26c82fe0e08570827398e9969d40f89af810efd567ce2456d0a4e6d64,plbebfjeklpfmffhcknkhbbdpjfkoenc.crx,60
Malicious browser extension | Extension ID(s): jpgmhchadlmpjjdgolpdhgooglpaiogf | Source: MaliciousBrowserExtensions,2c80b83e970c3851bd51a814d273dcba762e14e7092b0c0acc0709a90b31891b,jpgmhchadlmpjjdgolpdhgooglpaiogf.crx,60
Malicious browser extension | Extension ID(s): emedckhdnioeieppmeojgegjfkhdlaeo | Source: MaliciousBrowserExtensions,2c82b00590124386e5053bce3812476015e5a7f267c44951986156b0dba268f4,emedckhdnioeieppmeojgegjfkhdlaeo.crx,60
Malicious browser extension | Extension ID(s): dcdengcnfioodmmjlkjhomeondebpjcj | Source: MaliciousBrowserExtensions,2c860a7ea925fc3067738d0268e5b855c7bd26e5ebacced612ac39dae61e1b87,dcdengcnfioodmmjlkjhomeondebpjcj.crx,60
Malicious browser extension | Extension ID(s): mlpegpimkonipjfhidmimjahlocgobop | Source: MaliciousBrowserExtensions,2d37ffb524f2022be54efef897140fc51098c2cecc38babb7b548a1b7b776b4d,mlpegpimkonipjfhidmimjahlocgobop.crx,60
Malicious browser extension | Extension ID(s): fgimllnamdeacpaddbdafchhcmapebgj | Source: MaliciousBrowserExtensions,2d6278b2a1e03d1fec7c6893afc91e54fdef483e35ec5666f79da7290cfdf33a,fgimllnamdeacpaddbdafchhcmapebgj.crx,60
Malicious browser extension | Extension ID(s): lngiojmnaemlbhahccmnohemajgjgimb | Source: MaliciousBrowserExtensions,2daf0569e28a7416d0b1a36ab8b3a096951a9fe1041a3abb76eb90f5e0206147,lngiojmnaemlbhahccmnohemajgjgimb.crx,60
Malicious browser extension | Extension ID(s): bajoeadpdidoahbhphmhejmbdmgnbdci | Source: MaliciousBrowserExtensions,2deeae5a7c596bce1de8f273468e39fff4f2dfdaa16ff53bda1608cd93f59d0f,bajoeadpdidoahbhphmhejmbdmgnbdci.crx,60
Malicious browser extension | Extension ID(s): ecocgofdjmiomgmgnchijbghkikolkkl | Source: MaliciousBrowserExtensions,2e184fc56bb4a69fa0a76f774ad3d7cd6f5846f20ed74788f5e68eef73652aee,ecocgofdjmiomgmgnchijbghkikolkkl.crx,60
Malicious browser extension | Extension ID(s): mleflnbfifngdmiknggikhfmjjmioofi | Source: MaliciousBrowserExtensions,2e2254bff4291d6dfaf55889549934b02dcc520f53e09b51e35aaaf9cc5d4bc7,mleflnbfifngdmiknggikhfmjjmioofi.crx,60
Malicious browser extension | Extension ID(s): neobejhblpcbllkbcpeanhjggoelleme | Source: MaliciousBrowserExtensions,2e585188ff3956269013b8ff7f508260d61d37b68eabe145b6566302b32a88c4,neobejhblpcbllkbcpeanhjggoelleme.crx,60
Malicious browser extension | Extension ID(s): dlfjpodlhgogdiokffnejehokghbdgca | Source: MaliciousBrowserExtensions,2e9f7e9a422b52b3e4a9a237183c2d0c3cf4094253ba015f6ccad733c30d127f,dlfjpodlhgogdiokffnejehokghbdgca.crx,60
Malicious browser extension | Extension ID(s): ncoffmoodfnohnphcmidgncknpkgnccj | Source: MaliciousBrowserExtensions,2eb435a109ebc1f6add78fc7d4132d14261da06537a425dd9079eae90d0e1530,ncoffmoodfnohnphcmidgncknpkgnccj.crx,60
Malicious browser extension | Extension ID(s): jcamehlleiidiiogfddjclbihkamnmdb | Source: MaliciousBrowserExtensions,2eec93c8d68fad8b6d64907409a6f393a89e9ce425a780628d752f721bff8db8,jcamehlleiidiiogfddjclbihkamnmdb.crx,60
Malicious browser extension | Extension ID(s): obdcmkbifgehdkjacmndbapoiiabnjlo | Source: MaliciousBrowserExtensions,2f93df70f5a1f92f328678427cbc6015dea8366ddad25537162fb5b5d6c09925,obdcmkbifgehdkjacmndbapoiiabnjlo.crx,60
Malicious browser extension | Extension ID(s): bdopholihfepohbcaifahepojljpihfb | Source: MaliciousBrowserExtensions,2fe60b670d7a1de7dc2211ecaf6d7588bcd7547fc5ab1f8b9a29e686224312a1,bdopholihfepohbcaifahepojljpihfb.crx,60
Malicious browser extension | Extension ID(s): fgpeadkjhdhaefcfkacbjniapclmbehi | Source: MaliciousBrowserExtensions,30138772a3167879476a6a0882e555cdb20103e4a5deb54bca4043211742ec8b,fgpeadkjhdhaefcfkacbjniapclmbehi.crx,60
Malicious browser extension | Extension ID(s): jddinhnhplibccfmniaakhffpjpnaglp | Source: MaliciousBrowserExtensions,303b097f1a552f7f584b6d474f525b76f634bb22c0ab6f8d4563250d3b670e0e,jddinhnhplibccfmniaakhffpjpnaglp.crx,60
Malicious browser extension | Extension ID(s): gpkgjopaiakcnokecmocecnbpghkkjhg | Source: MaliciousBrowserExtensions,30c3fbd63a36225889361e2fc9fe7d23638a69e8c4d26e5299c0e6712a9713d6,gpkgjopaiakcnokecmocecnbpghkkjhg.crx,60
Malicious browser extension | Extension ID(s): jjibkaphagoijhdmkllmcndemnidhjjd | Source: MaliciousBrowserExtensions,3100f9cb87921a2d960fade549ce3ac5e32e3718145d7aab25aebfe6630fcfd4,jjibkaphagoijhdmkllmcndemnidhjjd.crx,60
Malicious browser extension | Extension ID(s): mofnafclpcapghpjdoaanahkgcjfcece | Source: MaliciousBrowserExtensions,31b7c513141859bf5eac25bc6d4d69437dbccfe8ff54f66431b887b99260e134,mofnafclpcapghpjdoaanahkgcjfcece.crx,60
Malicious browser extension | Extension ID(s): kaonoofcdglmjidkpokanpbjfdbfhamk | Source: MaliciousBrowserExtensions,31d654a47780cb54a5405ae4d93c745ff014a598263761c0e838b4a4aaf227b2,kaonoofcdglmjidkpokanpbjfdbfhamk.crx,60
Malicious browser extension | Extension ID(s): ekpkdmohpdnebfedjjfklhpefgpgaaji | Source: MaliciousBrowserExtensions,31f0c80d3d6338f24590146fbc817cfcb84d6d71741eb61518e22fced5688a5d,ekpkdmohpdnebfedjjfklhpefgpgaaji.crx,60
Malicious browser extension | Extension ID(s): pcadkpnfmffnldeidifelohmkebdddjn | Source: MaliciousBrowserExtensions,31f61e90287aa3617c8330ba1424ef4d9ab21b5336115b5b73aba0e8e2d06314,pcadkpnfmffnldeidifelohmkebdddjn.crx,60
Malicious browser extension | Extension ID(s): ahheiepjhohjjdmbafjjhckninnlehlf | Source: MaliciousBrowserExtensions,3214a599336a66f144c1cfaf1bffb9be4f991c60abfffe137e467871f42801a5,ahheiepjhohjjdmbafjjhckninnlehlf.crx,60
Malicious browser extension | Extension ID(s): bhefdfhbjonfechcjphjekhkdpaoddlo | Source: MaliciousBrowserExtensions,3215d91fa76a10658dcb963e16582535ef6bb970afee89ed781d31f41e3cb0ae,bhefdfhbjonfechcjphjekhkdpaoddlo.crx,60
Malicious browser extension | Extension ID(s): beifiidafjobphnbhbbgmgnndjolfcho | Source: MaliciousBrowserExtensions,327bded72d403d9982d0749a046a3c54d6992aa556efff26ffad915ce62ba9d2,beifiidafjobphnbhbbgmgnndjolfcho.crx,60
Malicious browser extension | Extension ID(s): hcipkekemlgahjnkclcjlpegemcgabmm | Source: MaliciousBrowserExtensions,32b5ce27ee0204f290e11f177cea1c240bbb26180cc06463175bc45992c355d4,hcipkekemlgahjnkclcjlpegemcgabmm.crx,60
Malicious browser extension | Extension ID(s): nnpnnpemnckcfdebeekibpiijlicmpom | Source: MaliciousBrowserExtensions,32cf1970e875d2651fb41a9ddefc2cecfc28addc92897ff79cbabc0f05a7686e,nnpnnpemnckcfdebeekibpiijlicmpom.crx,60
Malicious browser extension | Extension ID(s): bilfflcophfehljhpnklmcelkoiffapb | Source: MaliciousBrowserExtensions,334c7ea209a3c5cd7085c781bf6ff04bc1999282701651ebea524806b4318db6,bilfflcophfehljhpnklmcelkoiffapb.crx,60
Malicious browser extension | Extension ID(s): ijccacgjefefdpglhclnbpfjlcbagafm | Source: MaliciousBrowserExtensions,335bbffa0d753d5261ac64f83bdbcd3ef3a5913a773297773ca3bcb109871d80,ijccacgjefefdpglhclnbpfjlcbagafm.crx,60
Malicious browser extension | Extension ID(s): gipmochingljoikdjakkdolfcbphmlom | Source: MaliciousBrowserExtensions,338835560da1c1d8169b300b0b0cf7879ed26d45d51503b72c19eba655291b49,gipmochingljoikdjakkdolfcbphmlom.crx,60
Malicious browser extension | Extension ID(s): nnnkddnnlpamobajfibfdgfnbcnkgngh | Source: MaliciousBrowserExtensions,33c0d15ac66de7db90d64deab2f184532720c4f3f3784c126361bd0cad1ac0e8,nnnkddnnlpamobajfibfdgfnbcnkgngh.crx,60
Malicious browser extension | Extension ID(s): inhcgfpbfdjbjogdfjbclgolkmhnooop | Source: MaliciousBrowserExtensions,34273f30d50acb9ec11c2468fd841359c7e4ba94a25114382c7a01dd4519423f,inhcgfpbfdjbjogdfjbclgolkmhnooop.crx,60
Malicious browser extension | Extension ID(s): cdokinnfpnmkkieepnnncahhgjkbnfip | Source: MaliciousBrowserExtensions,342dfb3164cb7aa01fcab60f4c80d63aeffbeeb9b93ba0331bacf3163910107e,cdokinnfpnmkkieepnnncahhgjkbnfip.crx,60
Malicious browser extension | Extension ID(s): opcoiilfeelpihhomeaoebehlcdihjid | Source: MaliciousBrowserExtensions,3440e6a99cbccccae7623ceb48fe34ccbcc925fcd969b454f9c8e3531e28f8f7,opcoiilfeelpihhomeaoebehlcdihjid.crx,60
Malicious browser extension | Extension ID(s): dbkhkbbjngadephedgpahlhomddaecef | Source: MaliciousBrowserExtensions,346d197168409868957ba43464b0f0500a4d595118de62e191cefcf12666696e,dbkhkbbjngadephedgpahlhomddaecef.crx,60
Malicious browser extension | Extension ID(s): phbhemngopbmijocapkgabcojjhmpnpd | Source: MaliciousBrowserExtensions,35201e21bf9e6c5c6f519fc581e9da34f36967fa193c1ce228f86a8b8be28d5d,phbhemngopbmijocapkgabcojjhmpnpd.crx,60
Malicious browser extension | Extension ID(s): clpgopiimdjcilllcjncdkoeikkkcfbi | Source: MaliciousBrowserExtensions,35697cc96f293c05b7324e50df966c03d871dc679ee3a205eab91bcc0ecb13ad,clpgopiimdjcilllcjncdkoeikkkcfbi.crx,60
Malicious browser extension | Extension ID(s): kepibgehhljlecgaeihhnmibnmikbnga | Source: MaliciousBrowserExtensions,36b04e9f3c75550ea848e1056b42f7c28da37970b7c5419dae10e971c71733ae,kepibgehhljlecgaeihhnmibnmikbnga.crx,60
Malicious browser extension | Extension ID(s): bbddibpbffgafehfljibecnppcamoogn | Source: MaliciousBrowserExtensions,36db61069b2504e3669d295f0db0616e05bfa28692c2075dd661789c4ee6af0a,bbddibpbffgafehfljibecnppcamoogn.crx,60
Malicious browser extension | Extension ID(s): dbfmnekepjoapopniengjbcpnbljalfg | Source: MaliciousBrowserExtensions,379e3bb9fe74a542ccc9619b668d447631b89e7dbce8bbcc886dda7f4987afcf,dbfmnekepjoapopniengjbcpnbljalfg.crx,60
Malicious browser extension | Extension ID(s): dhlkhbfacnmldfohkfchjgkhkfolgapg | Source: MaliciousBrowserExtensions,37ae81a6366a52d3df9a25088e6d9828ccf1e4bea0b82a1e4793a0284435bef6,dhlkhbfacnmldfohkfchjgkhkfolgapg.crx,60
Malicious browser extension | Extension ID(s): aoejfgbdcbpeekpmelgoofbboonmdcaf | Source: MaliciousBrowserExtensions,382e493cddbce54663b3d1bb41a7ca29b7b85f695910f0964777f360207dd146,aoejfgbdcbpeekpmelgoofbboonmdcaf.crx,60
Malicious browser extension | Extension ID(s): miiolehfoldajjpfjcnajmalaojhjaoa | Source: MaliciousBrowserExtensions,38434c2823c45f5903ed700895e01070a3abb4e943ffdb1660f2755f990d18e2,miiolehfoldajjpfjcnajmalaojhjaoa.crx,60
Malicious browser extension | Extension ID(s): inolfjdmfnnikdnaagcocajchnccmaio | Source: MaliciousBrowserExtensions,385935b609a8e6c7d69cad41f9233657441cb72073e335c09f72aeef9fd15402,inolfjdmfnnikdnaagcocajchnccmaio.crx,60
Malicious browser extension | Extension ID(s): ieildpjdcdcakalhlckdlfcejfddgdcj | Source: MaliciousBrowserExtensions,388a830adaeef25976c78d1741fa76626e79ce0b67d1900b097971333f97a8fc,ieildpjdcdcakalhlckdlfcejfddgdcj.crx,60
Malicious browser extension | Extension ID(s): fcmecilpdddmffmnjhdmillmddahmfnh | Source: MaliciousBrowserExtensions,39051062dd494d051a38a66d0df911a30f3f36b3fc6dcf94eeaa39441db47e71,fcmecilpdddmffmnjhdmillmddahmfnh.crx,60
Malicious browser extension | Extension ID(s): kbnkkecifeppobnemkielnpagifkobki | Source: MaliciousBrowserExtensions,3931d7504c70cf34cc34ac7416cd0ba967c3a8c3e31ce242c76ac1a294dfec90,kbnkkecifeppobnemkielnpagifkobki.crx,60
Malicious browser extension | Extension ID(s): kfnbcjbhjiopgnlmigcigiooenpkkaib | Source: MaliciousBrowserExtensions,393f120dd425f11fd81e5506fd29458ef9c78c3a2674a08769591a60aeb2753f,kfnbcjbhjiopgnlmigcigiooenpkkaib.crx,60
Malicious browser extension | Extension ID(s): adpkfblbeihmbjljeffbaklklgofcgae | Source: MaliciousBrowserExtensions,398c010334af91d91ba280de284dd3ffd4586410baa2923a913db1739b504b6e,adpkfblbeihmbjljeffbaklklgofcgae.crx,60
Malicious browser extension | Extension ID(s): imaibfagcdapbapmnepebaamfgjpdidk | Source: MaliciousBrowserExtensions,39e492b362ce2b58cbe57b8f809f35ecef2c41eadc224b196ab29f4d52cbab78,imaibfagcdapbapmnepebaamfgjpdidk.crx,60
Malicious browser extension | Extension ID(s): ngnfdhfeccjahkpielcjbjebipckhoii | Source: MaliciousBrowserExtensions,3a11fb62e969687559eac24b9264ec97359cdfc0d24518d80e643e241d027296,ngnfdhfeccjahkpielcjbjebipckhoii.crx,60
Malicious browser extension | Extension ID(s): nplcbealebpofbdcgajeddfidbgbogao | Source: MaliciousBrowserExtensions,3ae51acc98c73c2d29bd8b4cd59f3181e8c7c001b60ee3e2e6bbf0031b19a06f,nplcbealebpofbdcgajeddfidbgbogao.crx,60
Malicious browser extension | Extension ID(s): capnggjhnpofmimlcjlhggdenibcgoal | Source: MaliciousBrowserExtensions,3c254528dacd4a6067c770eaf6870b79baf99f02b0ae732bcd8093545a2fd1bb,capnggjhnpofmimlcjlhggdenibcgoal.crx,60
Malicious browser extension | Extension ID(s): jaccgfagleghffhjbcaoambohejmpaoh | Source: MaliciousBrowserExtensions,3c6bed6f29ce749a05474b94372c7232a19c7cdf9dc285fa35dc6745160ac95f,jaccgfagleghffhjbcaoambohejmpaoh.crx,60
Malicious browser extension | Extension ID(s): flnecpdpbhdblkpnegekobahlijbmfok | Source: MaliciousBrowserExtensions,3ce2b098b2141b4ab1b094ee3703214503c6f0f44f5d9ba892b84c2d2cd94ef7,flnecpdpbhdblkpnegekobahlijbmfok.crx,60
Malicious browser extension | Extension ID(s): hkhmodcdjhcidbcncgmnknjppphcpgmh | Source: MaliciousBrowserExtensions,3cfb07bde42ed9d952af6a6c8d422b57412a5bf39efc4cb49ef411734a4136d6,hkhmodcdjhcidbcncgmnknjppphcpgmh.crx,60
Malicious browser extension | Extension ID(s): cjadklbhkckhkgnlbllaelbfjjcgenfj | Source: MaliciousBrowserExtensions,3d26ffdbd402e900b3442ca7c2913502fb92b51b7df5160eb26e8663c9367e51,cjadklbhkckhkgnlbllaelbfjjcgenfj.crx,60
Malicious browser extension | Extension ID(s): omkjdbggfhniomedkgdcoimmpolbiddl | Source: MaliciousBrowserExtensions,3d4032e34113dd67a61409c166038714e1c345ac9e5c220160852a2a835448c4,omkjdbggfhniomedkgdcoimmpolbiddl.crx,60
Malicious browser extension | Extension ID(s): cnjgicfipaihakphpbcgdklcbpnkbndm | Source: MaliciousBrowserExtensions,3d6310e5b8076661e595a91ec5bebb26a583f272737cc26fde378bd727f45065,cnjgicfipaihakphpbcgdklcbpnkbndm.crx,60
Malicious browser extension | Extension ID(s): emfdpideeoagljccddpegdicpcgkledf | Source: MaliciousBrowserExtensions,3d783262ccc55629a2f1715ed487e2e9c17c92cb0a6804f6940d152c2b9a2c14,emfdpideeoagljccddpegdicpcgkledf.crx,60
Malicious browser extension | Extension ID(s): fcoeoabgfenejglbffodgkkbkcdhcgfn | Source: MaliciousBrowserExtensions,3dc4d18e0efc5df9fef2d72ef24ecdf3b8d2186d93154418c1b41eb9e5dfefc1,fcoeoabgfenejglbffodgkkbkcdhcgfn.crx,60
Malicious browser extension | Extension ID(s): fmncmpginchogfdnjfeopdopoiegjjjp | Source: MaliciousBrowserExtensions,3dc8ef67eb6edad88540c683fb17563dc1f53c4f13c5644c022d9843f0680faa,fmncmpginchogfdnjfeopdopoiegjjjp.crx,60
Malicious browser extension | Extension ID(s): fkbhohfcljmmgohbhkccejcamibgmjlg | Source: MaliciousBrowserExtensions,3e0efbfae7e99ee13e9d1e44b496b409bd645b8488dfb9e204aac0bac031fecc,fkbhohfcljmmgohbhkccejcamibgmjlg.crx,60
Malicious browser extension | Extension ID(s): njmhcidcdbaannpafjdljminaigdgolj | Source: MaliciousBrowserExtensions,3e88abc35cc73beab3b580eb8afe6ef3524914677d474d0f6a4b028f92e9477e,njmhcidcdbaannpafjdljminaigdgolj.crx,60
Malicious browser extension | Extension ID(s): begnlejfcmkjblajjeafpebgcbcojhin | Source: MaliciousBrowserExtensions,3eba8424340be6bf068a3fbe882ad33089531844c2c95595f0957f1386c7cc69,begnlejfcmkjblajjeafpebgcbcojhin.crx,60
Malicious browser extension | Extension ID(s): ckhgbopnpmlhgiihmclcobcdehcakoai | Source: MaliciousBrowserExtensions,3edd5902cf27ad3ea3d2c6427905b90ec286f2299b7fc8ab1bd72af214de7689,ckhgbopnpmlhgiihmclcobcdehcakoai.crx,60
Malicious browser extension | Extension ID(s): pcbdkbipnfmfjfimjjbpeifhobgakeoa | Source: MaliciousBrowserExtensions,3f0271577bb787db490a8047935701a2e36ac36af19710dcec35fcf29375d9d8,pcbdkbipnfmfjfimjjbpeifhobgakeoa.crx,60
Malicious browser extension | Extension ID(s): lkpckmkognddjdhnoadepmgniifnfhek | Source: MaliciousBrowserExtensions,4022cf47e7da7f5c2c8f38acf212184db7b2985e4f32df0ac1e5381e5d7dd2c2,lkpckmkognddjdhnoadepmgniifnfhek.crx,60
Malicious browser extension | Extension ID(s): glaofpkjfaldpdgjapcfhccagmddmjnf | Source: MaliciousBrowserExtensions,402c3e73eb6076b2cd86d28b8edbb69110aa65ccef20ebc5c88730148e88abae,glaofpkjfaldpdgjapcfhccagmddmjnf.crx,60
Malicious browser extension | Extension ID(s): akebbllmckjphjiojeioooidhnddnplj | Source: MaliciousBrowserExtensions,40d521ab24b919ee208f73641257f8d576fb837d3e27f9f8afe7a47865b53541,akebbllmckjphjiojeioooidhnddnplj.crx,60
Malicious browser extension | Extension ID(s): djddlpkdagnbgokmielahcpgigepgdam | Source: MaliciousBrowserExtensions,415515e7e0a0f5019f499a9cd12a5312867e51f077014d46ac68f8115671a76f,djddlpkdagnbgokmielahcpgigepgdam.crx,60
Malicious browser extension | Extension ID(s): kknakidneabpfgepadgpkibalcnabnnh | Source: MaliciousBrowserExtensions,417b278aa1ed256ff04eebab80c0e2055eaf35289ee0628ebdf158cec489f590,kknakidneabpfgepadgpkibalcnabnnh.crx,60
Malicious browser extension | Extension ID(s): ocjopfjjaphkoagcfdmdgpheobhccmfp | Source: MaliciousBrowserExtensions,423b4cb126e9451b4366d7e59baa789c54089276c38aa78fff17891d6935e7b3,ocjopfjjaphkoagcfdmdgpheobhccmfp.crx,60
Malicious browser extension | Extension ID(s): inddaiiphfojbihdabkdnlpjehfkklhp | Source: MaliciousBrowserExtensions,424beef3379108098ae67a23f408d16fe300495eea895bd6d9228a4edfe01054,inddaiiphfojbihdabkdnlpjehfkklhp.crx,60
Malicious browser extension | Extension ID(s): geipbnpjdpignhlbgpjjokiponedfpdm | Source: MaliciousBrowserExtensions,430548bb9fc4f42d1d812141e0a3f5a6eec5d72184ccc50ca2b938d96b0fee4d,geipbnpjdpignhlbgpjjokiponedfpdm.crx,60
Malicious browser extension | Extension ID(s): eggegjdejilddmnlglakcaigefefcdaf | Source: MaliciousBrowserExtensions,430851b9f9282c6c7c0ab64af3c90eea3d2d12d297373aa7a51729e0331862b1,eggegjdejilddmnlglakcaigefefcdaf.crx,60
Malicious browser extension | Extension ID(s): idhknpoceajhnjokpnbicildeoligdgh | Source: MaliciousBrowserExtensions,4368546c037a3a1584d332f457b1b9bcfc27ef7490ad0784f9dbdf78132d12fe,idhknpoceajhnjokpnbicildeoligdgh.crx,60
Malicious browser extension | Extension ID(s): ahlnchhkedmjbdocaamkbmhppnligmoh | Source: MaliciousBrowserExtensions,444473cc2150abe957a92e4fbae6375792367653fa0deecab6c61ad0c841ac9a,ahlnchhkedmjbdocaamkbmhppnligmoh.crx,60
Malicious browser extension | Extension ID(s): eedcgiifhajonmlllcnajaodhicfekna | Source: MaliciousBrowserExtensions,44b7254d89d1be948f8c8cccd44470348ca42871b31ba189e8568727b22eb007,eedcgiifhajonmlllcnajaodhicfekna.crx,60
Malicious browser extension | Extension ID(s): mmbbjakjlpmndjlbhihlddgcdppblpka | Source: MaliciousBrowserExtensions,452e962b444e6c9b50137534c3ec947d2a42b35d363fd9e529996fc1d64bb931,mmbbjakjlpmndjlbhihlddgcdppblpka.crx,60
Malicious browser extension | Extension ID(s): cicnbbdlbjaoioilpbdioeeaockgbhfi | Source: MaliciousBrowserExtensions,461f529ca07654c4d897f01f9171994b7493605aae86725c01c8006a4f2cb7c8,cicnbbdlbjaoioilpbdioeeaockgbhfi.crx,60
Malicious browser extension | Extension ID(s): naeknendfcmljedoehenpefacejdhjal | Source: MaliciousBrowserExtensions,4646afb73049131fda299d5f129d4cd66ddd2ad24cdb055dee7d69962cac6c8d,naeknendfcmljedoehenpefacejdhjal.crx,60
Malicious browser extension | Extension ID(s): pkfhbfgbceeilepkfiiceedbhlanmmjj | Source: MaliciousBrowserExtensions,46887ac8ac727dcd2d70475d4f8f067593341472349736758d0b8eeb971173f2,pkfhbfgbceeilepkfiiceedbhlanmmjj.crx,60
Malicious browser extension | Extension ID(s): ipiabbhciknabpoihaakdahgghllelpj | Source: MaliciousBrowserExtensions,474f17eba64c7f6a59a0ffd0cac168063932de2b9868b150f8e3bb603f16393e,ipiabbhciknabpoihaakdahgghllelpj.crx,60
Malicious browser extension | Extension ID(s): nonajfcfdpeheinkafjiefpdhfalffof | Source: MaliciousBrowserExtensions,47dde4de0a2eac88b19452ef80ba3c1a2f5b0edfca8980dc1f2697277888bdb3,nonajfcfdpeheinkafjiefpdhfalffof.crx,60
Malicious browser extension | Extension ID(s): hlmdnedepbbihmbddepemmbkenbnoegd | Source: MaliciousBrowserExtensions,480ab4c0f71b72e497604a2559bf338f00d2c4bf1172636553500e9b80a340c9,hlmdnedepbbihmbddepemmbkenbnoegd.crx,60
Malicious browser extension | Extension ID(s): jofoajnimljekbjgjdpbnicnfeegbfbg | Source: MaliciousBrowserExtensions,48c166e061603fbc7c7d44ac2755a5bd6dbbc751f54601c3e82118a2ace8aa2a,jofoajnimljekbjgjdpbnicnfeegbfbg.crx,60
Malicious browser extension | Extension ID(s): cmdlencelhcjbebnkpbmhcfmlnjgihhm | Source: MaliciousBrowserExtensions,4971e3e733ede9ecc3346928387093b4a69e1335bbebde2975bbaf6b611c1fc5,cmdlencelhcjbebnkpbmhcfmlnjgihhm.crx,60
Malicious browser extension | Extension ID(s): cplhlgabfijoiabgkigdafklbhhdkahj | Source: MaliciousBrowserExtensions,4980ab3b88fbf4984da02ccd03dc75f3b7a8f3cc1ed78209847e2d4a45dae482,cplhlgabfijoiabgkigdafklbhhdkahj.crx,60
Malicious browser extension | Extension ID(s): npcghghfkbpgiamoifabankdnmopenni | Source: MaliciousBrowserExtensions,49a27d26348728f4519150cd550ab9d4bbb70307644fb4e321c09e9e477a2090,npcghghfkbpgiamoifabankdnmopenni.crx,60
Malicious browser extension | Extension ID(s): bdmnomiahkddoogbipkleodejnplcppj | Source: MaliciousBrowserExtensions,49a3fdf290094f8a56fd56834a708f39d88d13244f9abd5c760b52db6971edd2,bdmnomiahkddoogbipkleodejnplcppj.crx,60
Malicious browser extension | Extension ID(s): mbindhfolmpijhodmgkloeeppmkhpmhc | Source: MaliciousBrowserExtensions,4a06a990b65ee8031a82a68703908f22092b69c63fff98635bdd1c3314773ae9,mbindhfolmpijhodmgkloeeppmkhpmhc.crx,60
Malicious browser extension | Extension ID(s): ekgffgmnoaclljkicakkmobeoeeahmac | Source: MaliciousBrowserExtensions,4a2a36f52412f42cf866244ec3badd1a86b6502474f29ad49327e4b4cf99ba5d,ekgffgmnoaclljkicakkmobeoeeahmac.crx,60
Malicious browser extension | Extension ID(s): jbaghkaihalnmkknemcgjikkimiecgpn | Source: MaliciousBrowserExtensions,4a2a61329834f255feb0e7a9b01b8ab04e7e100ab66435a23447113d0f063eda,jbaghkaihalnmkknemcgjikkimiecgpn.crx,60
Malicious browser extension | Extension ID(s): nilachbkggkoalbfogpkckojjdhlnjho | Source: MaliciousBrowserExtensions,4a323fc3c3c15857dad85eeb522b6d7617c70c57398888162539c76c4867b952,nilachbkggkoalbfogpkckojjdhlnjho.crx,60
Malicious browser extension | Extension ID(s): pnlahghdcgkecfkeeiekinacgmbdcabk | Source: MaliciousBrowserExtensions,4a78feedc08844ea260d947ca0c5fdbdeddd425d7ba9ade88c28c594478a0f20,pnlahghdcgkecfkeeiekinacgmbdcabk.crx,60
Malicious browser extension | Extension ID(s): ihdnbohcfnegemgomjcpckmpnkdgopon | Source: MaliciousBrowserExtensions,4b0d07a01886e46ce4a128dd251c606d9d4f7174526929584b1334e71d101941,ihdnbohcfnegemgomjcpckmpnkdgopon.crx,60
Malicious browser extension | Extension ID(s): pmglclpkploapkijijgpncnaomgbagmm | Source: MaliciousBrowserExtensions,4b1f2bab8f91e850665292faad169e47c51363650ef4ed3f879d23abf5da36d4,pmglclpkploapkijijgpncnaomgbagmm.crx,60
Malicious browser extension | Extension ID(s): heljkmdknlfhiecpknceodpbokeipigo | Source: MaliciousBrowserExtensions,4b830610167dac1625237f3d526fd7ac78f3b5b1777f13bcdea10a336c9c5bc1,heljkmdknlfhiecpknceodpbokeipigo.crx,60
Malicious browser extension | Extension ID(s): ocieoagpcmmebfhhgakmlijmdnifbcag | Source: MaliciousBrowserExtensions,4b88750ac035925a08f9d5f3f361af474bfaaadd12eca49b96e3d597042818ea,ocieoagpcmmebfhhgakmlijmdnifbcag.crx,60
Malicious browser extension | Extension ID(s): gbmbmldgodcjbfaghnjohphndkobjpce | Source: MaliciousBrowserExtensions,4b8ca2a42929086055c625111563883892578b06002560be2fa610a898024508,gbmbmldgodcjbfaghnjohphndkobjpce.crx,60
Malicious browser extension | Extension ID(s): kolbfeikmmkkdolnkopohocflhpokajp | Source: MaliciousBrowserExtensions,4c4a83ea77cb3aa652e582332c2d446f4cc9dc63e38b74dfbbce665c705a361a,kolbfeikmmkkdolnkopohocflhpokajp.crx,60
Malicious browser extension | Extension ID(s): dmjbglakodlaodocplnbmhpdhngllhoe | Source: MaliciousBrowserExtensions,4c504715e66edd8334860c4353cf63c69180c1ae03d8e1742d689d6c77c704b6,dmjbglakodlaodocplnbmhpdhngllhoe.crx,60
Malicious browser extension | Extension ID(s): ojkbafekojdcedacileemekjdfdpkbkf | Source: MaliciousBrowserExtensions,4d46b29b774fd604f5f070f61b0f309794ed072376ab56c22885330553f20e45,ojkbafekojdcedacileemekjdfdpkbkf.crx,60
Malicious browser extension | Extension ID(s): mehpokgiebgcnelgnlfkeldlfnpdhdha | Source: MaliciousBrowserExtensions,4d78d88eae59c24cb48c67b82e4a3a802aaa47d85215d5f3fbe8f6cf74a6af1d,mehpokgiebgcnelgnlfkeldlfnpdhdha.crx,60
Malicious browser extension | Extension ID(s): oojlpfnmoijaiephcdakeggdbbfdbanb | Source: MaliciousBrowserExtensions,4de4b7b88bbdc2811ed79329e8c80472b435b08f94dd7fc6d27541b8915edbf5,oojlpfnmoijaiephcdakeggdbbfdbanb.crx,60
Malicious browser extension | Extension ID(s): fokpelagppjmjiggfdalkfepcfclhnoh | Source: MaliciousBrowserExtensions,4dfaaa372ec85b43053cef2c01ec957dc4c308767970d1d1cb64ce02f952df5b,fokpelagppjmjiggfdalkfepcfclhnoh.crx,60
Malicious browser extension | Extension ID(s): kfohlaofnppmnelheedlkiamijfaikci | Source: MaliciousBrowserExtensions,4f204e68b67602346a67a7c8aa04687214c606b49cf4f23b16c149dedfff0ad8,kfohlaofnppmnelheedlkiamijfaikci.crx,60
Malicious browser extension | Extension ID(s): bdnlfekadefohaaphlndnnieaolmpaao | Source: MaliciousBrowserExtensions,5012172edd0296a1157c64044449bff95e7e37f813de069fad4664a036d0a15a,bdnlfekadefohaaphlndnnieaolmpaao.crx,60
Malicious browser extension | Extension ID(s): egjidjbpglichdcondbcbdnbeeppgdph | Source: MaliciousBrowserExtensions,50655c8c1781ab37c79f336628eb113dda90e32090eb16ded86da3edecf7bd0d,egjidjbpglichdcondbcbdnbeeppgdph.crx,60
Malicious browser extension | Extension ID(s): dmeipihagdngmblfpfinkagindgfbmpo | Source: MaliciousBrowserExtensions,506fbd02a3b54a17d3524f09265040282b98bfcb7b376fd499e5dd1728598d34,dmeipihagdngmblfpfinkagindgfbmpo.crx,60
Malicious browser extension | Extension ID(s): kfdikbdfpdnnhhdedadeaodglioggjdl | Source: MaliciousBrowserExtensions,507b8ef747704470fb40c251b034f31c832fcc2bcd23fc5574984f15150647ec,kfdikbdfpdnnhhdedadeaodglioggjdl.crx,60
Malicious browser extension | Extension ID(s): laafpeklcnlfmjaofbndehkjpnccbhek | Source: MaliciousBrowserExtensions,50c77572c9cc4f1e7550daa27de5c5db1005ee52eb7adf48fa9d81317f6db762,laafpeklcnlfmjaofbndehkjpnccbhek.crx,60
Malicious browser extension | Extension ID(s): ogbaedmbbmmipljceodeimlckohbnfan | Source: MaliciousBrowserExtensions,50e3cad0b4415664901de72466d4a4b33e688ecef2293e283487088ad013b76e,ogbaedmbbmmipljceodeimlckohbnfan.crx,60
Malicious browser extension | Extension ID(s): fnjofkjppepnhofinhhiobdigngbfaig | Source: MaliciousBrowserExtensions,512879f1ce48787ae4b4f3132c44d2daf270af879d6515264d953127b5d80bfa,fnjofkjppepnhofinhhiobdigngbfaig.crx,60
Malicious browser extension | Extension ID(s): hbobdcfpgonejphpemijgjddanoipbkj | Source: MaliciousBrowserExtensions,512fa7a49f9a40f019595763a6143b655ee3b202425b8cce9da43032f651d682,hbobdcfpgonejphpemijgjddanoipbkj.crx,60
Malicious browser extension | Extension ID(s): eomimmpkgdmeckpghogemcmkimcpigeg | Source: MaliciousBrowserExtensions,5172389957c4cea02d6132660a5ec79ddde61bd1fa9bcc346c2de92435d2a80a,eomimmpkgdmeckpghogemcmkimcpigeg.crx,60
Malicious browser extension | Extension ID(s): cckipipbgopgoljcdhlfgcfcdkkonfbh | Source: MaliciousBrowserExtensions,519f868c3df46d7fd43686911f5f1dfa7bcf7c608e6a882598e1151eba8594d0,cckipipbgopgoljcdhlfgcfcdkkonfbh.crx,60
Malicious browser extension | Extension ID(s): mllilecdlobbninpgokpjdemejfnkela | Source: MaliciousBrowserExtensions,51ab9cbc3a4d1037d7fd8463365e2da42b17f505ab74dc9074be7af239b318b8,mllilecdlobbninpgokpjdemejfnkela.crx,60
Malicious browser extension | Extension ID(s): ohimcmgcbkcjihmfdddgomhdjbjihchg | Source: MaliciousBrowserExtensions,521625056f01af46c11f23c568c4b60703a0b7b288d00ac2579b40b45a80050c,ohimcmgcbkcjihmfdddgomhdjbjihchg.crx,60
Malicious browser extension | Extension ID(s): pajkjnmeojmbapicmbpliphjmcekeaac | Source: MaliciousBrowserExtensions,52318424530a703ddf51aa331ebb4a2c554fc2948bbc4e97762356f0ed30db8a,pajkjnmeojmbapicmbpliphjmcekeaac.crx,60
Malicious browser extension | Extension ID(s): ooepolkedgpkhojiihdjoajnjohciajl | Source: MaliciousBrowserExtensions,53547495fe1ba0a7b8bf5cad118bc1f9588d70607b5a633fe17f07443186abc2,ooepolkedgpkhojiihdjoajnjohciajl.crx,60
Malicious browser extension | Extension ID(s): ibphkcpmadfdpbkockccopbibhbdijna | Source: MaliciousBrowserExtensions,53c8ec9dbd6fd267cba70e77176f5e49f6b311bc71f19af4725c5c99b427c952,ibphkcpmadfdpbkockccopbibhbdijna.crx,60
Malicious browser extension | Extension ID(s): pfljadblahfjooobcgeomagleeoaapbl | Source: MaliciousBrowserExtensions,53fcb4e8a349510d99bc7e2a0bf5687e290f361f2b6bbcac094eeffee854b965,pfljadblahfjooobcgeomagleeoaapbl.crx,60
Malicious browser extension | Extension ID(s): cpcojeeblggnjjgnpiicndnahfhjdobd | Source: MaliciousBrowserExtensions,546357d8e5d7bb81050e8c73742743b3b090c1e36a4e432f87ebaf8df8f600b5,cpcojeeblggnjjgnpiicndnahfhjdobd.crx,60
Malicious browser extension | Extension ID(s): afpiijfkjbkkfoeepflocpfcmghcohfi | Source: MaliciousBrowserExtensions,54a37c1aa595412e98fd614ebac067cb730e98693ba1b17472589d51598ccffe,afpiijfkjbkkfoeepflocpfcmghcohfi.crx,60
Malicious browser extension | Extension ID(s): eijnkinhnplaekpllmgbbfieecdhcmcp | Source: MaliciousBrowserExtensions,5588f8f53296820bd47b48ab8a6a415683c6a07a5d0e339c433d6a40d4e568db,eijnkinhnplaekpllmgbbfieecdhcmcp.crx,60
Malicious browser extension | Extension ID(s): hkekfldddpkkfnedjfiiajkodgcacfck | Source: MaliciousBrowserExtensions,559cfd54241d5418a0173c2700d471b13fb85ec80274d292ac402134d3cf2891,hkekfldddpkkfnedjfiiajkodgcacfck.crx,60
Malicious browser extension | Extension ID(s): mejaghdgnidejbeofmfhnogbniipdjge | Source: MaliciousBrowserExtensions,55ba7a463d9a01d5414958161a597a61cb1839d05b34ed1719e64da7883eba73,mejaghdgnidejbeofmfhnogbniipdjge.crx,60
Malicious browser extension | Extension ID(s): egmennebgadmncfjafcemlecimkepcle | Source: MaliciousBrowserExtensions,55c6640aece15bb87436b1e0227a05e5a5b4c4b7133f1e60a714cc9be767d550,egmennebgadmncfjafcemlecimkepcle.crx,60
Malicious browser extension | Extension ID(s): oojhemfejdefafjanamoiefplimjamdf | Source: MaliciousBrowserExtensions,55db6cdb3b68247f904e253c193171af7098adf877303b3a7497e240fe4e7881,oojhemfejdefafjanamoiefplimjamdf.crx,60
Malicious browser extension | Extension ID(s): peflgkmfmoijonfgcjdlpnnfdegnlaji | Source: MaliciousBrowserExtensions,56208f128d7b8aa805d5fa0e4eae7315efaeddb899857cfdf071c676a39c7dbc,peflgkmfmoijonfgcjdlpnnfdegnlaji.crx,60
Malicious browser extension | Extension ID(s): akdajpomgjgldidenledjjiemgkjcchc | Source: MaliciousBrowserExtensions,5629be21869a83e9b9da86ab16a2d9cebd0aed2c04a9efe2ac044dfe0d5db6b9,akdajpomgjgldidenledjjiemgkjcchc.crx,60
Malicious browser extension | Extension ID(s): kejenndfhndojdfoecjjkaeefogjgeid | Source: MaliciousBrowserExtensions,565e5c98f99bed01f43ebe6392e23c2f6c3ba787f65e1c4ba5202fc179c4a631,kejenndfhndojdfoecjjkaeefogjgeid.crx,60
Malicious browser extension | Extension ID(s): befflofjcniongenjmbkgkoljhgliihe | Source: MaliciousBrowserExtensions,56d548aa2268d546ba9bb9f8a02405b9d14e75a878714c62b742b9790a43980f,befflofjcniongenjmbkgkoljhgliihe.crx,60
Malicious browser extension | Extension ID(s): nbmkfpfhpmajmnkihgkmbgbnalncdnna | Source: MaliciousBrowserExtensions,5702d737b9775cf9d0d0901e910496793c1123a11a7422d3a73e6441e3de5834,nbmkfpfhpmajmnkihgkmbgbnalncdnna.crx,60
Malicious browser extension | Extension ID(s): elleedljbbeipjijfgahpmbmojgagkjk | Source: MaliciousBrowserExtensions,57a383ad4f8abc3aa5e2ddbd930b5f9145c04cbaab9865d1257ce15ee4e765df,elleedljbbeipjijfgahpmbmojgagkjk.crx,60
Malicious browser extension | Extension ID(s): ccgdboldgdlngcgfdolahmiilojmfndl | Source: MaliciousBrowserExtensions,57a829344213d85c16a6df89eeecff4801ba3bbfdeec6d3a58d010bbdce38cab,ccgdboldgdlngcgfdolahmiilojmfndl.crx,60
Malicious browser extension | Extension ID(s): ehdkeonoccndeaggbnolijnmmeohkbpf | Source: MaliciousBrowserExtensions,57b49adc0c5bbe0b5fe677ead5dae5b35e596a179c679431ff1e6a8632706a41,ehdkeonoccndeaggbnolijnmmeohkbpf.crx,60
Malicious browser extension | Extension ID(s): glofhphmolanicdaddgkmhfmjidjkaem | Source: MaliciousBrowserExtensions,57b633a5c5d05d5cc4f294e53bbf4b5a6412b5e9b5a6eb886289bf3efee53094,glofhphmolanicdaddgkmhfmjidjkaem.crx,60
Malicious browser extension | Extension ID(s): gjjpikdggjehfjlpgndjhjdnljenndig | Source: MaliciousBrowserExtensions,57fd3fcdb430505fece0753cd1d5bf941a38f8eb755b96041c4b259b592fa6b2,gjjpikdggjehfjlpgndjhjdnljenndig.crx,60
Malicious browser extension | Extension ID(s): fhggcomokafcmghkeknnoogghkkalchb | Source: MaliciousBrowserExtensions,582c17338cd4fd2559ac217e49d2b3517d2e25dd669199083a9f040e6920526b,fhggcomokafcmghkeknnoogghkkalchb.crx,60
Malicious browser extension | Extension ID(s): hnhlhlnbgjocolmlecblbbpbhdacjmdd | Source: MaliciousBrowserExtensions,584d20cd03249b2a43752a91998aef4b18df4201109ac141838537d7bf71f121,hnhlhlnbgjocolmlecblbbpbhdacjmdd.crx,60
Malicious browser extension | Extension ID(s): kppfbknppimnoociaomjcdgkebdmenkh | Source: MaliciousBrowserExtensions,59163f2c69273dbcb40b1483148315de317040171b8bb02cb84129df43f5b5a2,kppfbknppimnoociaomjcdgkebdmenkh.crx,60
Malicious browser extension | Extension ID(s): nmegibgeklckejdlfhoadhhbgcdjnojb | Source: MaliciousBrowserExtensions,59252b8764c34fa2c41c9b549fe3a2258149777e13245f506178361d1cc42981,nmegibgeklckejdlfhoadhhbgcdjnojb.crx,60
Malicious browser extension | Extension ID(s): mflibpdjoodmoppignjhciadahapkoch | Source: MaliciousBrowserExtensions,5993d998db1c5a9fac5a175f57573d0c00944ccb0131f3bde3c8499883700dad,mflibpdjoodmoppignjhciadahapkoch.crx,60
Malicious browser extension | Extension ID(s): ihpdbailkcljcclemifagdnfmgpfnfbi | Source: MaliciousBrowserExtensions,599a90bd888000bbee5a74d7e708d803c96d284bf863492ccfc6684d86f8df9d,ihpdbailkcljcclemifagdnfmgpfnfbi.crx,60
Malicious browser extension | Extension ID(s): ekafoahfmdgaeefeeneiijbehnbocbij | Source: MaliciousBrowserExtensions,59c0085c7d42a25ca3836d77f9f71f693ce8161cae69e99689a184c0d56ecd71,ekafoahfmdgaeefeeneiijbehnbocbij.crx,60
Malicious browser extension | Extension ID(s): fpmkabpaklbhbhegegapfkenkmpipick | Source: MaliciousBrowserExtensions,59f53703ef66468cdfc10c23392431d08690bc8dd2b1379b20c2c3a89142a569,fpmkabpaklbhbhegegapfkenkmpipick.crx,60
Malicious browser extension | Extension ID(s): jnkmepoonohhfijlbajdphhinhkoefjn | Source: MaliciousBrowserExtensions,5a3ef2011fbf927f8090b594ecf0296dcb4f1078ffff4a85a299895b1cc7b46f,jnkmepoonohhfijlbajdphhinhkoefjn.crx,60
Malicious browser extension | Extension ID(s): lkoncffoonijombbicbdoekimimjdhif | Source: MaliciousBrowserExtensions,5a7441b653dd0064fc94ad3b849d7cff39c77281ad308df1d4bef186a46bdb09,lkoncffoonijombbicbdoekimimjdhif.crx,60
Malicious browser extension | Extension ID(s): loieafdhaendcpnbpcjmchfnochbhcio | Source: MaliciousBrowserExtensions,5ab1ec3662b87aae74b99d4749672e20cc0ca6cd0f1b95b70cca9c903a12c841,loieafdhaendcpnbpcjmchfnochbhcio.crx,60
Malicious browser extension | Extension ID(s): oliiideaalkijolilhhaibhbjfhbdcnm | Source: MaliciousBrowserExtensions,5abece102b17a289cd50d0c24a16e6e6445fb43e930e19008243e810cebbce4e,oliiideaalkijolilhhaibhbjfhbdcnm.crx,60
Malicious browser extension | Extension ID(s): ijilplnnjkjklkmhbklfnpnlnjpbfaie | Source: MaliciousBrowserExtensions,5ad2675ab889706ab004c23bbad2000f2de642f44c59a83d69719f507161a1f4,ijilplnnjkjklkmhbklfnpnlnjpbfaie.crx,60
Malicious browser extension | Extension ID(s): geceobkknhgcbgnegnagckpnmfdfcppk | Source: MaliciousBrowserExtensions,5b1ff6fa9911ce953271e69b6e0b03a8e475238eeb5e0ad1a175215a07ff6434,geceobkknhgcbgnegnagckpnmfdfcppk.crx,60
Malicious browser extension | Extension ID(s): feamnjpoiogkfkiihejgjlofhblfbebf | Source: MaliciousBrowserExtensions,5b3fafb139845b703b5f7a5e93911a3d7ee86b15e4e460b3dc3b49caa2c48eb5,feamnjpoiogkfkiihejgjlofhblfbebf.crx,60
Malicious browser extension | Extension ID(s): pllkanemicadpcmkfodglahcocfdgkhj | Source: MaliciousBrowserExtensions,5b58aacd2ad97af77c6ac4570d390bac1bfbb12e5073c6320769fd9617a8f227,pllkanemicadpcmkfodglahcocfdgkhj.crx,60
Malicious browser extension | Extension ID(s): nfijbcmjagdmmkchgicfdidblofopkdp | Source: MaliciousBrowserExtensions,5b97b0d70416c9ee1f6232aeb1fe35e80a44a07dab85eb07a78e91002e6c15ca,nfijbcmjagdmmkchgicfdidblofopkdp.crx,60
Malicious browser extension | Extension ID(s): amkkjdjjgiiamenbopfpdmjcleecjjgg | Source: MaliciousBrowserExtensions,5c4408ab7fdf62edd1c8c2de55080f4af6cc53bdf631fd7da6f08583d5a81427,amkkjdjjgiiamenbopfpdmjcleecjjgg.crx,60
"Malicious browser extension | Extension ID(s): hichkepmmfdhhnagoejglmkdebinkcca, ibglidkppckhminbhbgcajomjplomcka, icajjcahmgdpeilkbjbelkoinhonbaeb | Source: MaliciousBrowserExtensions",5c4528f9a0554bd6f75c2e183fc77178f3e582cf8ae4bb9b3141cc2d0c5239df,hichkepmmfdhhnagoejglmkdebinkcca.crx,60
Malicious browser extension | Extension ID(s): bieapdakjafmcilgjobfeopeoejhdmmg | Source: MaliciousBrowserExtensions,5c4916039a6cf9cc73fa39f63ad8e792920253705a502a3f4e0a7221ecdd56b3,bieapdakjafmcilgjobfeopeoejhdmmg.crx,60
Malicious browser extension | Extension ID(s): iclckldkfemlnecocpphinnplnmijkol | Source: MaliciousBrowserExtensions,5c663ebdf249a022ec9df552b8e06a8a75e262df58fb3db1a69af295615a1d4c,iclckldkfemlnecocpphinnplnmijkol.crx,60
Malicious browser extension | Extension ID(s): bpfjljidmejoeamagnfbknmhehbmagbd | Source: MaliciousBrowserExtensions,5cd857a6da6e79ae9553357eeef8631fcd779b6b468c13bd06dcb7a9502bc743,bpfjljidmejoeamagnfbknmhehbmagbd.crx,60
Malicious browser extension | Extension ID(s): fboaaaegndmojaphabbmpgiohgnhekhd | Source: MaliciousBrowserExtensions,5d01f31b6e585d379f0d4a1d82d3b5409136805894267eb76cb8d8eb5af917c6,fboaaaegndmojaphabbmpgiohgnhekhd.crx,60
Malicious browser extension | Extension ID(s): hkbhihfbcjpgpeipblibipaflmpleipk | Source: MaliciousBrowserExtensions,5d11683412e0c64ced7290370c2fad6bc487770a973e8ef99e7e4b9c20ffbdb4,hkbhihfbcjpgpeipblibipaflmpleipk.crx,60
Malicious browser extension | Extension ID(s): mefpdeoonpdjecmnekooffdonpllblnb | Source: MaliciousBrowserExtensions,5d21872ddb02a242da5cb0e3777bf7074d6e1a238b78b8de0997c46357142ab8,mefpdeoonpdjecmnekooffdonpllblnb.crx,60
Malicious browser extension | Extension ID(s): ghpeepgmgdeabaimackjmkfafcdfmkai | Source: MaliciousBrowserExtensions,5d6e16015037028fc00d4f946706b9cd19a10ff5cec06a17c2d2b102cee92af2,ghpeepgmgdeabaimackjmkfafcdfmkai.crx,60
Malicious browser extension | Extension ID(s): lkcpbhmegkfjfhjehobbbbgkgaogkofl | Source: MaliciousBrowserExtensions,5dcb8e54025f64a75245b0ca0b0ad5dfc30e87684f7304bda4b2bc6edbf4980a,lkcpbhmegkfjfhjehobbbbgkgaogkofl.crx,60
Malicious browser extension | Extension ID(s): ecnmodkmpeeebpcnlpmnieamegokkhab | Source: MaliciousBrowserExtensions,5ddbb6a126a1d82bf3d5314fdce779798b878141fdd7ec20c76f0c02e2c43a43,ecnmodkmpeeebpcnlpmnieamegokkhab.crx,60
Malicious browser extension | Extension ID(s): aadfnjeeifjafcgmfdjacmllmokcalcc | Source: MaliciousBrowserExtensions,5ddcb044b85c32dd4d473fae1322b9e5fd6d482aaee2d0d9216375e2e9a3f41b,aadfnjeeifjafcgmfdjacmllmokcalcc.crx,60
Malicious browser extension | Extension ID(s): iaoeadecnampefdibdmjjbojfoajpfde | Source: MaliciousBrowserExtensions,5de63f2c54f181b3782e5c974209cdd90bc5650da32a06063572be48a1db131e,iaoeadecnampefdibdmjjbojfoajpfde.crx,60
Malicious browser extension | Extension ID(s): lffokgmnkdhhcbfdemgjjlgpohafchnc | Source: MaliciousBrowserExtensions,5e4d51d238ded6fc117e2eea05b32c2aea46269dab591b7326f160431c207ed1,lffokgmnkdhhcbfdemgjjlgpohafchnc.crx,60
Malicious browser extension | Extension ID(s): bgbabcbfnphklneccpldeecbnpogpbfn | Source: MaliciousBrowserExtensions,5f18d2c5c7360e6129ddc38ab08ca7ee64792e95d81fcbdf7a006907aa17ee15,bgbabcbfnphklneccpldeecbnpogpbfn.crx,60
Malicious browser extension | Extension ID(s): joocokeldmkhhgaaalkjnomkpldkdocn | Source: MaliciousBrowserExtensions,5f3152871b92e595cc989323fe7ad8f6c2dd7ead44038f9cd090d290456811f4,joocokeldmkhhgaaalkjnomkpldkdocn.crx,60
Malicious browser extension | Extension ID(s): fdoagnpcpgkjkcmnpnmdlbikfdagklhk | Source: MaliciousBrowserExtensions,5fa855521fa75306546626693f8ed918ba01811b77bbc9fb8f28b35bc553b5ed,fdoagnpcpgkjkcmnpnmdlbikfdagklhk.crx,60
Malicious browser extension | Extension ID(s): cbmjaknklmcgajkfocjagjmdkeinfchm | Source: MaliciousBrowserExtensions,5fdc1def23728bc8fafd41a6df6735e6cf5e6290b4a341a35fcd77d35f233158,cbmjaknklmcgajkfocjagjmdkeinfchm.crx,60
Malicious browser extension | Extension ID(s): ielobapmcgolalpmbagemlcnpljochfg | Source: MaliciousBrowserExtensions,5fee4d7cbf0243b56295987dc80e32e56346715ecd1925d2dabd66d1cf27da78,ielobapmcgolalpmbagemlcnpljochfg.crx,60
Malicious browser extension | Extension ID(s): albcebpejhogeakalalkmkhhhcofehme | Source: MaliciousBrowserExtensions,5ffae1d835d69a310d330792f073b4f3fdf082c0500ecb2f8a2f4c548246d54a,albcebpejhogeakalalkmkhhhcofehme.crx,60
Malicious browser extension | Extension ID(s): mfapmkkleedaafigeeianmkfklamafaf | Source: MaliciousBrowserExtensions,5ffb438dc6332a19e1a08c4abcedb98e1de54be7e9f5fd8ede4e766434e1af86,mfapmkkleedaafigeeianmkfklamafaf.crx,60
Malicious browser extension | Extension ID(s): hmooknfodfbbncnhncnednnkiommggpj | Source: MaliciousBrowserExtensions,60258ec14a84855d61c94e147ca2d76c113d61bc28256c3a78d556c7c24441ef,hmooknfodfbbncnhncnednnkiommggpj.crx,60
Malicious browser extension | Extension ID(s): cdiohdbijdajffgccjmbblbikpnnnkeg | Source: MaliciousBrowserExtensions,6030baa8c7010c8cf3300944cfa759e8671aa9df29cc534ef7d5e951844ebe08,cdiohdbijdajffgccjmbblbikpnnnkeg.crx,60
Malicious browser extension | Extension ID(s): fnmihdojmnkclgjpcoonokmkhjpjechg | Source: MaliciousBrowserExtensions,60595f299ffea2c6504b2710c8221f630fac172ef0bc51fbf435e62554c939b6,fnmihdojmnkclgjpcoonokmkhjpjechg.crx,60
Malicious browser extension | Extension ID(s): jogoelgdgekiljmmcalimblkcmoklkdo | Source: MaliciousBrowserExtensions,60d98dfd0a07009efe0b9af0f5d90f2f4353439e41f87ee5fc2298d1b9c1efac,jogoelgdgekiljmmcalimblkcmoklkdo.crx,60
Malicious browser extension | Extension ID(s): hjahmlbhpfnnfiklidkmjemaoghepioj | Source: MaliciousBrowserExtensions,616a5096c6e187818790beae782adf6de8a0287758c7d784bee83c9d1fa1c650,hjahmlbhpfnnfiklidkmjemaoghepioj.crx,60
Malicious browser extension | Extension ID(s): eckjcmcaanooipfdjhjihhidfidkflep | Source: MaliciousBrowserExtensions,61953ad30a0c22b4d4329629a6b7ee5aa92cf55b11ace930f5523a209da3cb39,eckjcmcaanooipfdjhjihhidfidkflep.crx,60
Malicious browser extension | Extension ID(s): hfdejdcbgacglcafiobfkpnnmjdhmaed | Source: MaliciousBrowserExtensions,61b05860fc6368ebc62e8f85eb67109f4fad5f0767d0b5efe6d1e7ee5b0263bc,hfdejdcbgacglcafiobfkpnnmjdhmaed.crx,60
Malicious browser extension | Extension ID(s): klglejfbdeipgklgaepnodpjcnhaihkd | Source: MaliciousBrowserExtensions,61cbfde91722c4234e8136b68429571a5e173bdaffa77ccb59644b1c1d06ab72,klglejfbdeipgklgaepnodpjcnhaihkd.crx,60
Malicious browser extension | Extension ID(s): hgnjolbjpjmhepcbjgeeallnamkjnfgi | Source: MaliciousBrowserExtensions,620fe299a7be3bba063c6d5e0b3cfd038da7266d13e34e551402d6b1d2914e0d,hgnjolbjpjmhepcbjgeeallnamkjnfgi.crx,60
Malicious browser extension | Extension ID(s): ebjhmhgfpinecniajgjkhaocfodmldnn | Source: MaliciousBrowserExtensions,62309ee4bddcccafc409d10bb0168dbec7cbc5b88c2a2bb679a60ce3db6a8926,ebjhmhgfpinecniajgjkhaocfodmldnn.crx,60
Malicious browser extension | Extension ID(s): oepemfmcinfdgpdfcleghpkbhkhhpmkl | Source: MaliciousBrowserExtensions,62754640ad01e32a9081705939ede2733c057dac0f12fc68f60c3db3821e8aba,oepemfmcinfdgpdfcleghpkbhkhhpmkl.crx,60
Malicious browser extension | Extension ID(s): cdpiopekjeonfjeocbfebemgocjciepp | Source: MaliciousBrowserExtensions,629ca583b57a2f5fafa166fa224c0f79f3febc615b0de5f7f709eefa004194bb,cdpiopekjeonfjeocbfebemgocjciepp.crx,60
Malicious browser extension | Extension ID(s): ldmnhdllijbchflpbmnlgndfnlgmkgif | Source: MaliciousBrowserExtensions,632ebc0aaa2cc186b80aeb8ba21a993c0f4f6cb8e50d1d1af22a60ad3f52cadf,ldmnhdllijbchflpbmnlgndfnlgmkgif.crx,60
Malicious browser extension | Extension ID(s): njgifpepampdppjhncejlkkbmnigpcdl | Source: MaliciousBrowserExtensions,63b0d0174cbb72653654a12e3b1fb4b3bc2db41f45337468c15aa235e68b3ec9,njgifpepampdppjhncejlkkbmnigpcdl.crx,60
Malicious browser extension | Extension ID(s): kenamdfaobeijnoclgegcpoplfahlemh | Source: MaliciousBrowserExtensions,63e99c3a00235d22525fd569448dbd430f92c2a2f89b0162bf7f38e99991e34d,kenamdfaobeijnoclgegcpoplfahlemh.crx,60
Malicious browser extension | Extension ID(s): bchelkjkilnlomoehihopndkjjhlcgla | Source: MaliciousBrowserExtensions,649929fcd29c8f075875a9b076395878669bea2c99023a2b3a4a2af11ea8bd1b,bchelkjkilnlomoehihopndkjjhlcgla.crx,60
Malicious browser extension | Extension ID(s): pfgpfmdiepmhhhkpnciogjhccppbcfhk | Source: MaliciousBrowserExtensions,65a9a885572be0ead88561b023de0c8fa4cc910761bcfe7e293d159193fc8875,pfgpfmdiepmhhhkpnciogjhccppbcfhk.crx,60
Malicious browser extension | Extension ID(s): ameimpcdjkiacjmfefadfkjbmicohmff | Source: MaliciousBrowserExtensions,65ee435f101da9d994880a0dd61bc7dfeefc7f3a9ab8d27544c3713a42564a02,ameimpcdjkiacjmfefadfkjbmicohmff.crx,60
Malicious browser extension | Extension ID(s): fdlagfnfaheppaigholhoojabfaapnhb | Source: MaliciousBrowserExtensions,667b0b9862dfd4188700948c6c2a75f0f60d689082a7efc0187b0ea86bcecbd1,fdlagfnfaheppaigholhoojabfaapnhb.crx,60
Malicious browser extension | Extension ID(s): aabaifmlfkdolhdbbhjblkeekaijfdfh | Source: MaliciousBrowserExtensions,66e49022039958aa1ce8ba4299eba47ef5e1f8c57ecbe99e0990e1f56d13c228,aabaifmlfkdolhdbbhjblkeekaijfdfh.crx,60
Malicious browser extension | Extension ID(s): fibohcmbdjkkapkbjfhkaoiljaofeoil | Source: MaliciousBrowserExtensions,66f46d94101769215806036402d69d4b49348fffb6821fe1b8097ba8835cee34,fibohcmbdjkkapkbjfhkaoiljaofeoil.crx,60
Malicious browser extension | Extension ID(s): hokmanlioejijlfedacchmnekagoikia | Source: MaliciousBrowserExtensions,670aacc514896fa013d092b4097c2d438d6688aa114ad108d93c9f6c11d1df55,hokmanlioejijlfedacchmnekagoikia.crx,60
Malicious browser extension | Extension ID(s): cbnekafldflkmngbgmbnfmchjaelnhem | Source: MaliciousBrowserExtensions,6718b2d1329d4c2d41c7e2fdcc2898ea6cc72e77d22f505d7210e9693f3cedad,cbnekafldflkmngbgmbnfmchjaelnhem.crx,60
Malicious browser extension | Extension ID(s): okepehobneenpbhiendcjcanjodhmcbj | Source: MaliciousBrowserExtensions,6842a6a435e748fe30cdcfd04b17db4812a85aa57e880dbe60ba2dcc55ae4be9,okepehobneenpbhiendcjcanjodhmcbj.crx,60
Malicious browser extension | Extension ID(s): adjkkoailfaklaipddajkpncbocgammd | Source: MaliciousBrowserExtensions,689801aa34e3537ca4aa337e2bee6d0bb0d1ed3edfcfe7269d7d198409946555,adjkkoailfaklaipddajkpncbocgammd.crx,60
Malicious browser extension | Extension ID(s): pogjiffghedegfekjhgkbjfkhpbnnclo | Source: MaliciousBrowserExtensions,689bbd6ffdcf39183e8926a3fbaeedc87ff84d902b431406673a0ccb6341ef35,pogjiffghedegfekjhgkbjfkhpbnnclo.crx,60
Malicious browser extension | Extension ID(s): ppbbocbdhdnedkdlaoohkpbafmbpljpa | Source: MaliciousBrowserExtensions,68ade63a18fc59f313c9189af4b8bae8559e7833e08e8ad8afe235955f251e21,ppbbocbdhdnedkdlaoohkpbafmbpljpa.crx,60
Malicious browser extension | Extension ID(s): cpehmglkieogiogkgbicjmoapfjooaam | Source: MaliciousBrowserExtensions,68cb0a065e35e3060eed98d7b108d93c362dbc3df5fcffa07988a3b4ea61fef3,cpehmglkieogiogkgbicjmoapfjooaam.crx,60
Malicious browser extension | Extension ID(s): gghdfkafnhfpaooiolhncejnlgglhkhe | Source: MaliciousBrowserExtensions,68da9166e0bc4d44fdaf6845ca0e09736b7f1a3f626adf88e0dbd1883a7915c4,gghdfkafnhfpaooiolhncejnlgglhkhe.crx,60
Malicious browser extension | Extension ID(s): apkfclckpilgfoembfmnmlblnffcnfcl | Source: MaliciousBrowserExtensions,6a322e0ea1396320c872f79d07ec9b0d07a51505665984269514bfb0c25ed987,apkfclckpilgfoembfmnmlblnffcnfcl.crx,60
Malicious browser extension | Extension ID(s): djlolemkfmghdipoalonefccpgjbfanc | Source: MaliciousBrowserExtensions,6a50b485096403eb814fc841399886ffc28693dff6a0e0ffb8d696c17853c05f,djlolemkfmghdipoalonefccpgjbfanc.crx,60
Malicious browser extension | Extension ID(s): lgjplckjkndnoedomdpbhhjgiopmblnj | Source: MaliciousBrowserExtensions,6b3b549f5f360eea307071eab287477b6322332b64a2b71332d5f83e672fa28f,lgjplckjkndnoedomdpbhhjgiopmblnj.crx,60
Malicious browser extension | Extension ID(s): moechpfgdfbhngeolclpkomehjnfefgc | Source: MaliciousBrowserExtensions,6b41063fc60debcfdb4498cabfa4ea95567b8295686c12e8659ef7b2d522388e,moechpfgdfbhngeolclpkomehjnfefgc.crx,60
Malicious browser extension | Extension ID(s): ajfokipknlmjhcioemgnofkpmdnbaldi | Source: MaliciousBrowserExtensions,6b7ba29bb3d4cfe22d375d558b6fe89a3ac2a1db99ccaec11535f782f82cfc87,ajfokipknlmjhcioemgnofkpmdnbaldi.crx,60
Malicious browser extension | Extension ID(s): maeccdadgnadblfddcmanhpofobhgfme | Source: MaliciousBrowserExtensions,6b9b51698b25dde5c62c45a079315b1c981c108a23debd3015dd58dc6f5950ef,maeccdadgnadblfddcmanhpofobhgfme.crx,60
Malicious browser extension | Extension ID(s): nhdjjcfgikohckacbdjcailhbnbbinjk | Source: MaliciousBrowserExtensions,6bda8dbf86e0674d4e6f2db0da82f1ec25b4f73fd00fe6c055d62cb6533c7bb8,nhdjjcfgikohckacbdjcailhbnbbinjk.crx,60
Malicious browser extension | Extension ID(s): fmjlnpepggmfdipfdafghiepgnaoadmd | Source: MaliciousBrowserExtensions,6be74a1b512509cbabe6b55c5f44467c99fd428335b3a1e265fc96c68ef94adf,fmjlnpepggmfdipfdafghiepgnaoadmd.crx,60
Malicious browser extension | Extension ID(s): bbcgolpihcpibnjpnafbaccaclagclmf | Source: MaliciousBrowserExtensions,6bed0e0a12b46f22b8b856548ca167308b5cd287a4cb2009dc380772c74fa2b3,bbcgolpihcpibnjpnafbaccaclagclmf.crx,60
Malicious browser extension | Extension ID(s): hnhdhliichckphekkkgpopiicfdbcocc | Source: MaliciousBrowserExtensions,6c06c9c1e659391ef9630505f32890373b9fbec67465858c02a5b0bbdfdeca7b,hnhdhliichckphekkkgpopiicfdbcocc.crx,60
Malicious browser extension | Extension ID(s): dcamdpfclondppklabgkfaofjccpioil | Source: MaliciousBrowserExtensions,6c4d77afe2d3a7f2932bdd1b67ac866207e3acf5179c46092b793190a5d08b2a,dcamdpfclondppklabgkfaofjccpioil.crx,60
Malicious browser extension | Extension ID(s): cfbgdmiobbicgjnaegnenlcgbdabkcli | Source: MaliciousBrowserExtensions,6d45ec5bd50d96335debac110ad4529e219d8b26b5affc5d31823241559eaf0c,cfbgdmiobbicgjnaegnenlcgbdabkcli.crx,60
"Malicious browser extension | Extension ID(s): ceibjdigmfbbgcpkkdpmjokkokklodmc, eebihieclccoidddmjcencomodomdoei | Source: MaliciousBrowserExtensions",6e2fa8bb76d31b45b0979df981b9e97d0f1545d9eb3859da5163005f6e618aa8,ceibjdigmfbbgcpkkdpmjokkokklodmc.crx,60
Malicious browser extension | Extension ID(s): cojkbijephcnagbbbkecebeoplnlgana | Source: MaliciousBrowserExtensions,6eb045b31cac20c65f43014e636cf4e0073e23dce2f45eddcbb70ea4e710ec33,cojkbijephcnagbbbkecebeoplnlgana.crx,60
Malicious browser extension | Extension ID(s): ahdpgkmldfnmpcpoamhabhoohdjgijak | Source: MaliciousBrowserExtensions,6f3c8f2a2c5389a15bc2d09c9b1d6576bdaef2cbebce3ebb12c8dea5e2e0da22,ahdpgkmldfnmpcpoamhabhoohdjgijak.crx,60
Malicious browser extension | Extension ID(s): npdbhfkphakcnjingllikjfclgabjipd | Source: MaliciousBrowserExtensions,6f4c943aeb8050bf6e1e9eb485237194e19810f8c86f5cacab0cea02d75e8a99,npdbhfkphakcnjingllikjfclgabjipd.crx,60
Malicious browser extension | Extension ID(s): ekpicjaibbcffjfenpffjkifhiehcbfm | Source: MaliciousBrowserExtensions,6f690d372b2187c64e1bc3eb2073c882a59d703522b003e77d6b622a4c0741d7,ekpicjaibbcffjfenpffjkifhiehcbfm.crx,60
Malicious browser extension | Extension ID(s): jneelgnlhodkmclkcnooopnfmamckbgf | Source: MaliciousBrowserExtensions,6f93ff50e182cef8cfc6f757d4bd131df32a012cf4ebbd74fa88036805c34c99,jneelgnlhodkmclkcnooopnfmamckbgf.crx,60
Malicious browser extension | Extension ID(s): hihblcmlaaademjlakdpicchbjnnnkbo | Source: MaliciousBrowserExtensions,6fbc633a4167f4a75ea66eb8dd02bfdb5dc44d7b6f3d0cfef85de972d48f9937,hihblcmlaaademjlakdpicchbjnnnkbo.crx,60
Malicious browser extension | Extension ID(s): ejagecejffbgaefchihnmkdkchknkigf | Source: MaliciousBrowserExtensions,6fc502573407810bbe2c28a82d8469608ee66b2a94eca1c251a2c10d75851b19,ejagecejffbgaefchihnmkdkchknkigf.crx,60
Malicious browser extension | Extension ID(s): dejbkoamefcdbolpcpppeblbmbkdljmo | Source: MaliciousBrowserExtensions,6fe38053329fe5c5e10ea1926646c97c29ebe4fa27a09b379bceec79ad2f94d0,dejbkoamefcdbolpcpppeblbmbkdljmo.crx,60
Malicious browser extension | Extension ID(s): obpcedpondgemjpohgikkooejmnbkpnd | Source: MaliciousBrowserExtensions,702733d573b88d5db8a215f27677d47c86c87e71b0ec6cef768137dfbecfae18,obpcedpondgemjpohgikkooejmnbkpnd.crx,60
Malicious browser extension | Extension ID(s): adbicacljgblmefpmcffdjmcbagbejji | Source: MaliciousBrowserExtensions,70421acb29b566a4bed2d5aa60800b1ba6bc3baacd9a6fd54ebcf260807ba785,adbicacljgblmefpmcffdjmcbagbejji.crx,60
Malicious browser extension | Extension ID(s): cghconplclhlafnkaocbddboklfodnfc | Source: MaliciousBrowserExtensions,704d7d89a52f48e9527fe990fbd18be9eaa0449015a747f03a49a17a983e2cb7,cghconplclhlafnkaocbddboklfodnfc.crx,60
Malicious browser extension | Extension ID(s): hkbihmjhjmehlocilifheeaeiljabenb | Source: MaliciousBrowserExtensions,707288667d187f9a55d09633b681609831b95d4345c3c1a406bbfd41903ce5ef,hkbihmjhjmehlocilifheeaeiljabenb.crx,60
Malicious browser extension | Extension ID(s): alkfljfjkpiccfgbeocbbjjladigcleg | Source: MaliciousBrowserExtensions,708bd019824310a8915b061c220c2c6aacc787b4a5e1d9181a80f154bba101ca,alkfljfjkpiccfgbeocbbjjladigcleg.crx,60
Malicious browser extension | Extension ID(s): jeoonjgjpiepmdcmgcdnadamojoefbad | Source: MaliciousBrowserExtensions,708ecf760b4fb632b60d66614a7b53888acb7b065bec804a209d7d0e374115fb,jeoonjgjpiepmdcmgcdnadamojoefbad.crx,60
Malicious browser extension | Extension ID(s): dmanadmmigdmihoejnaaflfkimdlhjeo | Source: MaliciousBrowserExtensions,7121d695a9a55fb8df1d27b99b593669ee74625974ff2a07f0098ff1ce07cf9b,dmanadmmigdmihoejnaaflfkimdlhjeo.crx,60
Malicious browser extension | Extension ID(s): bbggeccdbfplmmpdbjgmkkaofbjncnkc | Source: MaliciousBrowserExtensions,71461db02824de341f91e32140d220474f53b09a6ea9ba44a1f440ee9e6dd217,bbggeccdbfplmmpdbjgmkkaofbjncnkc.crx,60
Malicious browser extension | Extension ID(s): peaphjkfgmagbgebncdjcfnmbpfiknci | Source: MaliciousBrowserExtensions,718dbbd224bd76036fa9193d215f1a39848d8c07436df59068c74b3d329b72bb,peaphjkfgmagbgebncdjcfnmbpfiknci.crx,60
Malicious browser extension | Extension ID(s): goadfckeiedppmgdhbaceoiffbppkknf | Source: MaliciousBrowserExtensions,719f7a00f0d0c64ee0b8ca99007a27a449aaa3e970a6e4a4c619525a976230e2,goadfckeiedppmgdhbaceoiffbppkknf.crx,60
Malicious browser extension | Extension ID(s): ihbkmfoadnfjgkpdmgcboiehapkiflme | Source: MaliciousBrowserExtensions,72144e429251562ac1b3f58b180febc41808bbd6665b6885a355722b2eb43e06,ihbkmfoadnfjgkpdmgcboiehapkiflme.crx,60
Malicious browser extension | Extension ID(s): agfppecmpkdhfbilkkhonedjnjfnmimg | Source: MaliciousBrowserExtensions,72670e400eeb2c783f5ced2ee36802c5566b4a560429eed2e89ca8ee2e67d8ce,agfppecmpkdhfbilkkhonedjnjfnmimg.crx,60
Malicious browser extension | Extension ID(s): emankpkmfimhfhilhgfmmhgahcmhihbh | Source: MaliciousBrowserExtensions,73191b56837af19eb5f033b64b0ed80e764bb3edc8f2262af1c8a58cd7209a5c,emankpkmfimhfhilhgfmmhgahcmhihbh.crx,60
Malicious browser extension | Extension ID(s): igbodamhgjohafcenbcljfegbipdfjpk | Source: MaliciousBrowserExtensions,73319a24e08105e65a81004a96bf991d8d43d55a6a88b8c73f044a35bf85e832,igbodamhgjohafcenbcljfegbipdfjpk.crx,60
Malicious browser extension | Extension ID(s): albakpncdngcejcjdahomfbkakbmafgb | Source: MaliciousBrowserExtensions,73432a72bf9f4ea27e9874a21a18bbe23152ddfa283a49d71eaad187784903e3,albakpncdngcejcjdahomfbkakbmafgb.crx,60
Malicious browser extension | Extension ID(s): ijpbkjknnkpjnkndfgddfflpoickilmf | Source: MaliciousBrowserExtensions,734d633520e966d5c814a906c654eb61f8b0fb8e2c5db1c6178d1aad29db6a7b,ijpbkjknnkpjnkndfgddfflpoickilmf.crx,60
Malicious browser extension | Extension ID(s): ckneindgfbjnbbiggcmnjeofelhflhaj | Source: MaliciousBrowserExtensions,7359c8324489dd8663d2e482b1314abc6d7091d9c66201707cba72230b02fa76,ckneindgfbjnbbiggcmnjeofelhflhaj.crx,60
Malicious browser extension | Extension ID(s): aohfjaadlbiifnnajpobdhokecjokhab | Source: MaliciousBrowserExtensions,738bf5ae72bbeeb58bf508ea72f177bbaf0515ff1946b8047cdd411b89c0dc17,aohfjaadlbiifnnajpobdhokecjokhab.crx,60
Malicious browser extension | Extension ID(s): mfpiaehgjbbfednooihadalhehabhcjo | Source: MaliciousBrowserExtensions,73dd72f7d8caaf5c8f41601da4a718777bcacc3f8e1ba512265e82b8c65c0232,mfpiaehgjbbfednooihadalhehabhcjo.crx,60
Malicious browser extension | Extension ID(s): lepocfhpmichhobjfkdpkglpfmfkpbfd | Source: MaliciousBrowserExtensions,73f8d3cf9256e88e05c1b145f9e12b34c8e61199b458007c430acee1e6f37b93,lepocfhpmichhobjfkdpkglpfmfkpbfd.crx,60
Malicious browser extension | Extension ID(s): cpddjnopcpkpdhkhnimmgnniiglambdl | Source: MaliciousBrowserExtensions,7419bb48919351ec9fa7e464e3f0177e6b7a3b9dae7028f4818ccb7887fd3a7b,cpddjnopcpkpdhkhnimmgnniiglambdl.crx,60
Malicious browser extension | Extension ID(s): idbhoeaiokcojcgappfigpifhpkjgmab | Source: MaliciousBrowserExtensions,74494a994ede485a3ee61c261a404365206951993573f74288811233b18b8ccb,idbhoeaiokcojcgappfigpifhpkjgmab.crx,60
Malicious browser extension | Extension ID(s): pplibppgnmomfcnoclechnebccniooai | Source: MaliciousBrowserExtensions,744eafa06e74235eee091aa827b88b18d953696198af251baf731af1def0dfd4,pplibppgnmomfcnoclechnebccniooai.crx,60
Malicious browser extension | Extension ID(s): pknicmfnmeaohdeacagcpcggnjcfefld | Source: MaliciousBrowserExtensions,747479d840239192284f0646722d5afa69f801e9cacd15133164e218c0d27bc5,pknicmfnmeaohdeacagcpcggnjcfefld.crx,60
Malicious browser extension | Extension ID(s): gmhpfinejackkjoanceabgmoiggofanm | Source: MaliciousBrowserExtensions,74b6b712c6f28818d7c715492890d5d7791266ee8bea578149a31aa79add524f,gmhpfinejackkjoanceabgmoiggofanm.crx,60
Malicious browser extension | Extension ID(s): hdmppejcahhppjhkncagagopecddokpi | Source: MaliciousBrowserExtensions,74d9ae29ac47f658c91a406474d16eda5b0bfd891fa5d1d9578c26611fca17c7,hdmppejcahhppjhkncagagopecddokpi.crx,60
Malicious browser extension | Extension ID(s): ccbmjnepfjepehocnhdnddmaljhecjid | Source: MaliciousBrowserExtensions,751c28d00ee9cb9618943c48966dd57e616ae412db7ee7724c134c48beea5864,ccbmjnepfjepehocnhdnddmaljhecjid.crx,60
Malicious browser extension | Extension ID(s): dfnannaibdndmkienngjahldiofjbkmj | Source: MaliciousBrowserExtensions,753dd971ca014d8fd73c37886f3139fe0fe6ee05b551e3b38859f7a27e7b2cdd,dfnannaibdndmkienngjahldiofjbkmj.crx,60
Malicious browser extension | Extension ID(s): gjlebhdhmjiahfcefjanmjcipihapcob | Source: MaliciousBrowserExtensions,7542984881c660c563c409695dc48a3336951deceb6f0613f129151bc3ce1883,gjlebhdhmjiahfcefjanmjcipihapcob.crx,60
Malicious browser extension | Extension ID(s): becdalghcachfljkdifjaifmiecbpbcb | Source: MaliciousBrowserExtensions,75dd31c11d3a18f66364355e7a40e9113b534111340466807a355bbf07fd65f1,becdalghcachfljkdifjaifmiecbpbcb.crx,60
Malicious browser extension | Extension ID(s): fkiglandkaeajdjehelgkmnndonnffan | Source: MaliciousBrowserExtensions,75e97ee88603b4417aab5398486addeab7bcc999fc4c4847fbf96e4ab8aab02b,fkiglandkaeajdjehelgkmnndonnffan.crx,60
Malicious browser extension | Extension ID(s): gjliplciiocpaocblnhjjacpebbomjda | Source: MaliciousBrowserExtensions,760d296b64389d85a920173e9ecf112b7b379ff94b92e8b8042798d59e62e780,gjliplciiocpaocblnhjjacpebbomjda.crx,60
Malicious browser extension | Extension ID(s): gfmgoodobmpmhoilhblgkocaehlkopod | Source: MaliciousBrowserExtensions,7619bc19e026f7d8ae50685960ec7fc14b0210028eb97159bc1a8e8bf9b87e1c,gfmgoodobmpmhoilhblgkocaehlkopod.crx,60
Malicious browser extension | Extension ID(s): goikoilmhcgfidolicnbgggdpckdcoam | Source: MaliciousBrowserExtensions,762459ff3adc0ba03c0dfe13b4a2c273c30f7ff8480c3b25c3754a941e96b237,goikoilmhcgfidolicnbgggdpckdcoam.crx,60
Malicious browser extension | Extension ID(s): inkcephcpbbfnikbgdklmnpjgbanginn | Source: MaliciousBrowserExtensions,764af1f4d6ce55fee42699159a5b1e86ff43be99f0770afda4bab0ad1568c9fc,inkcephcpbbfnikbgdklmnpjgbanginn.crx,60
Malicious browser extension | Extension ID(s): obabhcfakmfmaaankblgkjpinodphbjd | Source: MaliciousBrowserExtensions,76640deb3a382dec71a555642695f7f8f3b624fa8c18a4ecd56eb7692159f5bc,obabhcfakmfmaaankblgkjpinodphbjd.crx,60
Malicious browser extension | Extension ID(s): ehfnbbjmgkeelhemgpkfdhojcjmfpkjp | Source: MaliciousBrowserExtensions,766d7c8b2ddd7bcff7c4cad99e2ebf2b7afbbafbc31e330fd1d542b1dc4a3a29,ehfnbbjmgkeelhemgpkfdhojcjmfpkjp.crx,60
Malicious browser extension | Extension ID(s): nbenpghhoknfjfjlibglllggjkhaofba | Source: MaliciousBrowserExtensions,7682821d8b44bcab6794d4613e80e05663129110f4d6d4c9361045382f1c222d,nbenpghhoknfjfjlibglllggjkhaofba.crx,60
Malicious browser extension | Extension ID(s): efcmmhjhcjaabofjhpfmgidljpplkean | Source: MaliciousBrowserExtensions,76965854fc94c6365a86741bfb0cd7fbefaf56f04797596b3bcd0f46652d23d9,efcmmhjhcjaabofjhpfmgidljpplkean.crx,60
Malicious browser extension | Extension ID(s): hjmjmbiaafeggmgadknfbkeehppmhejk | Source: MaliciousBrowserExtensions,76d0e005355ee41ade32f4edd905c4f6844bf7b2e3175bb7a5ad869593b1ffe4,hjmjmbiaafeggmgadknfbkeehppmhejk.crx,60
Malicious browser extension | Extension ID(s): gnjllochjiomjfeaageimhmfkplcghem | Source: MaliciousBrowserExtensions,76e45cded9624afb5f6acb5558e3264492b0e805841a57299b296c6955c37796,gnjllochjiomjfeaageimhmfkplcghem.crx,60
Malicious browser extension | Extension ID(s): bfgoepnoenodpgmcficdjlajnlbmadlc | Source: MaliciousBrowserExtensions,76f4090092c746f03bb15d4fde4730bfef9451359ca05f57b5d9cc8abedf1ea3,bfgoepnoenodpgmcficdjlajnlbmadlc.crx,60
Malicious browser extension | Extension ID(s): oanpifaoclmgmflmddlgkikfaggejobn | Source: MaliciousBrowserExtensions,7723fdad4b7c413c22eb5d34a89387402f799250c332c4170907a7e2b63309bc,oanpifaoclmgmflmddlgkikfaggejobn.crx,60
Malicious browser extension | Extension ID(s): lmgenhmehbcolpikplhkoelmagdhoojn | Source: MaliciousBrowserExtensions,774737a2d33757e8ea1b8b1f90e70b57fe7686655eaacd4fd17b62103f6e8378,lmgenhmehbcolpikplhkoelmagdhoojn.crx,60
Malicious browser extension | Extension ID(s): ldhmimnchgkihniijggnhcanhphillnn | Source: MaliciousBrowserExtensions,77829b6cde88ca099fde87e7dfd03225a091a8ac5fe92f16c347404b4c2d42d2,ldhmimnchgkihniijggnhcanhphillnn.crx,60
Malicious browser extension | Extension ID(s): bilaomondbfgpbokppljiindmfnackcj | Source: MaliciousBrowserExtensions,782574f32abaa2de599471e3dec6e0f9e51e4d96b2461ebc56f75291f12aab61,bilaomondbfgpbokppljiindmfnackcj.crx,60
Malicious browser extension | Extension ID(s): hkkkipfcdagiocekjdhobgmlkhejjfoj | Source: MaliciousBrowserExtensions,785c4d22e725273ff181b283eaa24fe61de4fcafd99a42b24ceb248139605544,hkkkipfcdagiocekjdhobgmlkhejjfoj.crx,60
Malicious browser extension | Extension ID(s): ijpgccpmogehkjhdmomckpkfcpbjlmnj | Source: MaliciousBrowserExtensions,7920d85ecfcb05077a0a923e0b4a4c49b2e5a87c8fcb4cc13b8167ebfe48f42b,ijpgccpmogehkjhdmomckpkfcpbjlmnj.crx,60
Malicious browser extension | Extension ID(s): bgikeajhdmggllhdnleoeaiedpbdhbgc | Source: MaliciousBrowserExtensions,79751ef9b654f93dc387286463e1b7f78d9e63d2be79e195f3909aea7253f4cf,bgikeajhdmggllhdnleoeaiedpbdhbgc.crx,60
Malicious browser extension | Extension ID(s): endajcleplnkbilblmifdhpimfaonkff | Source: MaliciousBrowserExtensions,7a7c5cae3798a100430b63c075f20e69eb8b63b089fcb4e20fd4a6d7ae99b45b,endajcleplnkbilblmifdhpimfaonkff.crx,60
Malicious browser extension | Extension ID(s): djhjckkfgancelbmgcamjimgphaphjdl | Source: MaliciousBrowserExtensions,7a9c607bd49e75b158b6d344d38f30554ebf0f591034ddca630f50a143501b0f,djhjckkfgancelbmgcamjimgphaphjdl.crx,60
Malicious browser extension | Extension ID(s): igmoflgphnlpcbeedabbhcpppklkkdeb | Source: MaliciousBrowserExtensions,7ab02902c373390501f70f5d1e39a9bafbdcb09ef9533fe84568447fa09f1400,igmoflgphnlpcbeedabbhcpppklkkdeb.crx,60
Malicious browser extension | Extension ID(s): aaeiefggdeljohngedhpmgidkjcdoebb | Source: MaliciousBrowserExtensions,7abff0f7a6a859e2cdcd3d2ec014cb074cad0c4563b868cd5bfdbfcac5fb7884,aaeiefggdeljohngedhpmgidkjcdoebb.crx,60
Malicious browser extension | Extension ID(s): dbfgidnodecgmmademfkaddkjidikobd | Source: MaliciousBrowserExtensions,7bb9ccb3b67aec15b407131c4b77c97f18c74d4526a795f955dbaad1b3abe947,dbfgidnodecgmmademfkaddkjidikobd.crx,60
Malicious browser extension | Extension ID(s): cljopkopbidboafoppejamlcpmgmffib | Source: MaliciousBrowserExtensions,7bd9af9917518d76404ca8da57fb06810cf0875fa4127de662784855de14da9f,cljopkopbidboafoppejamlcpmgmffib.crx,60
Malicious browser extension | Extension ID(s): enmmilgindjmffoljaojkcgloakmloen | Source: MaliciousBrowserExtensions,7c46da189876c72925365619ab49720807fe8adab83465e97dc00e770fd26d63,enmmilgindjmffoljaojkcgloakmloen.crx,60
Malicious browser extension | Extension ID(s): dohenclhhdfljpjlnpjnephpccbdgmmb | Source: MaliciousBrowserExtensions,7c602c80d2e8fb49ccf093642d62638759a075faa69d38974a01a34c4a0d2375,dohenclhhdfljpjlnpjnephpccbdgmmb.crx,60
Malicious browser extension | Extension ID(s): pddhejgmgakilndagfaffgochjojogfp | Source: MaliciousBrowserExtensions,7c73a16ce93b9743b218c503ad5a813cfdddf6f8f53104e62fb75151f8fbe504,pddhejgmgakilndagfaffgochjojogfp.crx,60
Malicious browser extension | Extension ID(s): llimhhconnjiflfimocjggfjdlmlhblm | Source: MaliciousBrowserExtensions,7cb08e4913e1ed8e5a9705df11bdd6f70af35c3889c8cddf1bee9b9bde15cc26,llimhhconnjiflfimocjggfjdlmlhblm.crx,60
Malicious browser extension | Extension ID(s): ipdncmifipjgangkhjjjfccojkccmefd | Source: MaliciousBrowserExtensions,7d0e1bc7ab1e61538c243d87bb40d58f0eff53a5385798ee19272c8f2f347f28,ipdncmifipjgangkhjjjfccojkccmefd.crx,60
Malicious browser extension | Extension ID(s): pfpijacnpangmkfdpgodlbokpkhpkeka | Source: MaliciousBrowserExtensions,7d215238bb5daa354ac7f2a9d7ebb7dfd8268fa773337818b04a0908a18a493a,pfpijacnpangmkfdpgodlbokpkhpkeka.crx,60
Malicious browser extension | Extension ID(s): pkghgkfjhjghinikeanecbgjehojfhdg | Source: MaliciousBrowserExtensions,7e63722ca5679a966813742791e0ce121e906a1ee51dc6aa0bca59999722948d,pkghgkfjhjghinikeanecbgjehojfhdg.crx,60
Malicious browser extension | Extension ID(s): ondnmmgphffljlhdiifpplebjmfbofho | Source: MaliciousBrowserExtensions,7ea3c395611914a3dc5d9dde66df3ace627f07361e55197fbda0b2fecdb0f68c,ondnmmgphffljlhdiifpplebjmfbofho.crx,60
Malicious browser extension | Extension ID(s): fceapcpbffpckedagfekofkljbnjjgfb | Source: MaliciousBrowserExtensions,7edb7ca0a0867558fa6a8a82e87bdcaa5d48448a4b856c686b353fc09f55cc76,fceapcpbffpckedagfekofkljbnjjgfb.crx,60
Malicious browser extension | Extension ID(s): lmcpbhamfpbonaenickjclacodolkbdl | Source: MaliciousBrowserExtensions,7f13897348e0d7e84938c3d276d8e847ce538b50f5735b801a111fd5e1cdbf80,lmcpbhamfpbonaenickjclacodolkbdl.crx,60
"Malicious browser extension | Extension ID(s): bcafgkhoifffmnoajkgmbhcojpabjffm, dbiamdajndfmpmmeklcbbnekhkdcakhf | Source: MaliciousBrowserExtensions",7f1d6007de31a61dbd5789a35ecd30701eefbb197f8769047efc09ea730acf77,bcafgkhoifffmnoajkgmbhcojpabjffm.crx,60
Malicious browser extension | Extension ID(s): hahjmhffophbcglolcpnpfpiacfdejcj | Source: MaliciousBrowserExtensions,7f1e3b691d9f98dea36a65df5ede624a02545cd88d1d16087d163af076bef76c,hahjmhffophbcglolcpnpfpiacfdejcj.crx,60
Malicious browser extension | Extension ID(s): cihkgekjnagficdlaicladlfdodlodji | Source: MaliciousBrowserExtensions,7f1f1824437a52a32b3fa85676af33e185e57c2f7d599266360dd4d9c1383607,cihkgekjnagficdlaicladlfdodlodji.crx,60
Malicious browser extension | Extension ID(s): nolehnmgjhncihbcganldhggmlbjplin | Source: MaliciousBrowserExtensions,7f68c496d4ea6ef30c83336a788f7b954f09936422e65fcf2855092936ff2339,nolehnmgjhncihbcganldhggmlbjplin.crx,60
Malicious browser extension | Extension ID(s): pcoepiamkidpfnbacbncjpcdgcgcofmd | Source: MaliciousBrowserExtensions,7f88a733379090e8b0df60d03f3c8a97b8816e156e058e9dd1996a30a06d987a,pcoepiamkidpfnbacbncjpcdgcgcofmd.crx,60
Malicious browser extension | Extension ID(s): cnibdhllkgidlgmaoanhkemjeklneolk | Source: MaliciousBrowserExtensions,7fbe2f227a11016124351f4e2881304b50abaaa3d974b4dfb8fc173f81904560,cnibdhllkgidlgmaoanhkemjeklneolk.crx,60
Malicious browser extension | Extension ID(s): ajmhcjfgeahcaccefbkmacaljjangjmc | Source: MaliciousBrowserExtensions,7feda396cb24b61dccb04fe83a0218c603c164dd0e1f093a5d5bd6b2fad0c497,ajmhcjfgeahcaccefbkmacaljjangjmc.crx,60
Malicious browser extension | Extension ID(s): jgmokihhodhebpmcbamcjgjbpkngngap | Source: MaliciousBrowserExtensions,803ab1d773d966bcf016f376a48ba463bb58b82f18d62a8e4559ac426c57c5dd,jgmokihhodhebpmcbamcjgjbpkngngap.crx,60
Malicious browser extension | Extension ID(s): ecbkfpnhjofeoimpihdlbcjcedjdllin | Source: MaliciousBrowserExtensions,808a15c38033c048e9e337ad470005a6526037b903768f0a028c05a3b6e669c5,ecbkfpnhjofeoimpihdlbcjcedjdllin.crx,60
Malicious browser extension | Extension ID(s): hoooffkckfkdcmgpoebehchcdekmaebl | Source: MaliciousBrowserExtensions,80b70ea052d7b84f903421cc7c8a59ae0be2f300cb590d09d5a1a15514240849,hoooffkckfkdcmgpoebehchcdekmaebl.crx,60
Malicious browser extension | Extension ID(s): jaojpdijbaolkhkifpgbjnhfbmckoojh | Source: MaliciousBrowserExtensions,81340723b601720da8715ffadfaa9bcda4bf54b68956ade2dd6b0d78d7b42241,jaojpdijbaolkhkifpgbjnhfbmckoojh.crx,60
Malicious browser extension | Extension ID(s): kalljebjhmecngplogckjaodbfbjgden | Source: MaliciousBrowserExtensions,814c1616b170276d157a77a60b125ec042c1a348fb51056039992fc547034699,kalljebjhmecngplogckjaodbfbjgden.crx,60
Malicious browser extension | Extension ID(s): lfkknbmaifjomagejflmjklcmpadmmdg | Source: MaliciousBrowserExtensions,8161f6e76b1ee90cda225631786a87312c78d81e7a0353eb6dae0756cdbc114e,lfkknbmaifjomagejflmjklcmpadmmdg.crx,60
Malicious browser extension | Extension ID(s): knblpijcogopeankegmbcdhdndbplgka | Source: MaliciousBrowserExtensions,819305f23515893b7df660882fd9358f50cbd54b18ec292845a6af2e51b04959,knblpijcogopeankegmbcdhdndbplgka.crx,60
Malicious browser extension | Extension ID(s): abcidfelbbfbijdeilhlgmgejdbappaj | Source: MaliciousBrowserExtensions,820d9da1dbb2d2eaeeb3ed5302995961a934b510be4c22942c723797c604e5a1,abcidfelbbfbijdeilhlgmgejdbappaj.crx,60
Malicious browser extension | Extension ID(s): illoljcjjjjmblealplijcjkedjlkdfg | Source: MaliciousBrowserExtensions,825973f9e89a996aada1c10ae861426820f74d912cdb74f13123bcce2ed7086d,illoljcjjjjmblealplijcjkedjlkdfg.crx,60
Malicious browser extension | Extension ID(s): dnehmmlaljfhkdfekfbpljalkljgpmkj | Source: MaliciousBrowserExtensions,82d85c7585b766ddf1293d0106fe1f0efaabe77b3130cc9ad69f1e0fa6492065,dnehmmlaljfhkdfekfbpljalkljgpmkj.crx,60
Malicious browser extension | Extension ID(s): llidhpjmhdejdndndciohlhnkggkpjdo | Source: MaliciousBrowserExtensions,82f58a9dd8e4a019cb6a1a6183b9486037a790468402240533beae53536a2eb2,llidhpjmhdejdndndciohlhnkggkpjdo.crx,60
Malicious browser extension | Extension ID(s): kblengdlefjpjkekanpoidgoghdngdgl | Source: MaliciousBrowserExtensions,83aff944e0c9a28c77958dabe1756271d59ad4bf463fca74f64c7610fe4e10ec,kblengdlefjpjkekanpoidgoghdngdgl.crx,60
Malicious browser extension | Extension ID(s): iagfghcakcckojogakhmdeebmkkjldfb | Source: MaliciousBrowserExtensions,8416250ea27f7cc864f205d395cdee2f5c50f9f95a0da574a8ca9eb70e05fe0f,iagfghcakcckojogakhmdeebmkkjldfb.crx,60
"Malicious browser extension | Extension ID(s): famchdjojcnakamhkddkpaglnkonkfnl, pkdloppfapenphihgbldhjjlfhgnkmcg | Source: MaliciousBrowserExtensions",8494c505f49677cf48eb0e121aab314d0918fefcb4f2f31537fc46db5620f8df,famchdjojcnakamhkddkpaglnkonkfnl.crx,60
Malicious browser extension | Extension ID(s): ambcheakfbokmebglefpbbphbccekhhl | Source: MaliciousBrowserExtensions,84d4d14d692f541df023fc30d9e458f76f5a440a6ce1776ab6c07f01b92510c8,ambcheakfbokmebglefpbbphbccekhhl.crx,60
Malicious browser extension | Extension ID(s): hmlnefhgicedcmebmkjdcogieefbaagl | Source: MaliciousBrowserExtensions,8530286a015725b2fe6dde5f9cae39736f24eb399b1490bcdc7b623aecd86bbb,hmlnefhgicedcmebmkjdcogieefbaagl.crx,60
Malicious browser extension | Extension ID(s): bpljfbcejldmgeoodnogeefaihjdgbam | Source: MaliciousBrowserExtensions,8564f82c5136d466aea1459925a46560c935f35960ea6c0331c3b8923a760642,bpljfbcejldmgeoodnogeefaihjdgbam.crx,60
Malicious browser extension | Extension ID(s): kclcmhakfncbaklinnijihiinbkoajed | Source: MaliciousBrowserExtensions,8567a1c1222955036d7a4ff9289470e1660370457a47c9a686e8adf209d1b936,kclcmhakfncbaklinnijihiinbkoajed.crx,60
Malicious browser extension | Extension ID(s): ejlcbfmhjbkgohopdkijfgggbikgbacb | Source: MaliciousBrowserExtensions,857541d2fd1faa93e469fcd24264d650ddac843073e67477316674831c98c67d,ejlcbfmhjbkgohopdkijfgggbikgbacb.crx,60
Malicious browser extension | Extension ID(s): kblomapfkjidbbbdllmofkcakcenkmec | Source: MaliciousBrowserExtensions,8576cf916d255fdbb89ebef0a90bf018a38698f04bfbd6249f3a484c61c2c203,kblomapfkjidbbbdllmofkcakcenkmec.crx,60
Malicious browser extension | Extension ID(s): idmpkfamcdgdhlopbiapnoaklgkjigle | Source: MaliciousBrowserExtensions,85b66efca2f48f6ba7d64e5852a202b17f3e5e8e53cdc70735b325de298ebcfe,idmpkfamcdgdhlopbiapnoaklgkjigle.crx,60
Malicious browser extension | Extension ID(s): npphdmcakmfhllhblkealgkeefamebih | Source: MaliciousBrowserExtensions,85c1d77d0451fd3a65b40b4f48d1d304f5e0dff9b5dadcd265e7116b41351f5d,npphdmcakmfhllhblkealgkeefamebih.crx,60
Malicious browser extension | Extension ID(s): mkhdiephfhifcgpmkaaboknnbdpjlneg | Source: MaliciousBrowserExtensions,86007f7c05bde2eeca7dd2e95a8d07da0d8129bce151343eb87ba6beed9c8ee7,mkhdiephfhifcgpmkaaboknnbdpjlneg.crx,60
Malicious browser extension | Extension ID(s): goiffchdhlcehhgdpdbocefkohlhmlom | Source: MaliciousBrowserExtensions,8638a4fed6bda1a2da8c543d52e41a677ef7a925fd495c0ee5c73b1b2e7035b3,goiffchdhlcehhgdpdbocefkohlhmlom.crx,60
Malicious browser extension | Extension ID(s): blcnhjlbnldiopfekjpcmpcieipiokdl | Source: MaliciousBrowserExtensions,86778aecfc7a29888b6b7afe2dfe595725bacda959be533b54fbc81d75198df3,blcnhjlbnldiopfekjpcmpcieipiokdl.crx,60
Malicious browser extension | Extension ID(s): hodafefeincjlgijbiabbmaffambjeaa | Source: MaliciousBrowserExtensions,86ad5129a4a44279c62f3cd07543a1e857e0fda22dc462e81b2516865ceb6993,hodafefeincjlgijbiabbmaffambjeaa.crx,60
Malicious browser extension | Extension ID(s): gaijfdefjhclenikcaggjoblodfchmge | Source: MaliciousBrowserExtensions,86d6610af227c567467032663358c1d7011badf7e01b941cc227576935ce1fdd,gaijfdefjhclenikcaggjoblodfchmge.crx,60
Malicious browser extension | Extension ID(s): olnedmfbogpgbkphdbfednoagdlmamin | Source: MaliciousBrowserExtensions,86ee33cd524976e37aad9a56cdee06eff8bc93db660232c2610b800699f77804,olnedmfbogpgbkphdbfednoagdlmamin.crx,60
Malicious browser extension | Extension ID(s): adjiljljjoeielcjmafljkicjncjpbha | Source: MaliciousBrowserExtensions,871c937c6ee2863ee8c39264c9974f860da19ce218b9e863a479e4c9c70c0abb,adjiljljjoeielcjmafljkicjncjpbha.crx,60
Malicious browser extension | Extension ID(s): dpdemambcedffmnkfmkephnhhnclmcio | Source: MaliciousBrowserExtensions,879e3a13bd7d411d7b2dcbee9e05f7ac828d9fa9cb53552b38d55258d04f546b,dpdemambcedffmnkfmkephnhhnclmcio.crx,60
Malicious browser extension | Extension ID(s): gejcmgekakacmlccopnlhanpipkfggcn | Source: MaliciousBrowserExtensions,8843773e7c7e0848d2d9613c4df738c12c111e9fd00f728f2a8966219128c512,gejcmgekakacmlccopnlhanpipkfggcn.crx,60
Malicious browser extension | Extension ID(s): eomjcbhempdcpmljiahjenbdhkoccbmb | Source: MaliciousBrowserExtensions,886a6b584f0705db488c3bae14b290eecb80a922316a315fa86322582473f77f,eomjcbhempdcpmljiahjenbdhkoccbmb.crx,60
Malicious browser extension | Extension ID(s): jhnpoiikhnkjlfcffohfbkejnoojcopc | Source: MaliciousBrowserExtensions,8874573688ecf883c471cc87cbea04c40d9a3e00abe8d7f807224cf4f4447017,jhnpoiikhnkjlfcffohfbkejnoojcopc.crx,60
Malicious browser extension | Extension ID(s): kjidkkncdchjnnfpclneimlcmghcfoon | Source: MaliciousBrowserExtensions,88fc0ba7059171abf9d9d8881aaf8eeb8bfa7b6190fc270d756c7762bb9a49c2,kjidkkncdchjnnfpclneimlcmghcfoon.crx,60
Malicious browser extension | Extension ID(s): hmemnljhamnbcnphkjdphnmnggmnhhkl | Source: MaliciousBrowserExtensions,8908321e9c701ad41826267b5feb3acbcce3bf587421f714fbb2b19ffd860b46,hmemnljhamnbcnphkjdphnmnggmnhhkl.crx,60
Malicious browser extension | Extension ID(s): eljfpgehlncincemdmmnebmnlcmfamhm | Source: MaliciousBrowserExtensions,894e448372f6aafa9ee13a227f3b43e8d3456de74a721fa133cbfbcf8325b15b,eljfpgehlncincemdmmnebmnlcmfamhm.crx,60
Malicious browser extension | Extension ID(s): johobikccpnmifjjpephegmfpipfbfme | Source: MaliciousBrowserExtensions,895c3232f1fe680e7dd1fc48a9763ddc1550f009f568c224aaaf768513734add,johobikccpnmifjjpephegmfpipfbfme.crx,60
Malicious browser extension | Extension ID(s): flomkgojkgpbholngecnpopgafijhenn | Source: MaliciousBrowserExtensions,899cf57c3f612d499740abff4bd224a2d93a254bc1814b8f43e60ba8334b4f96,flomkgojkgpbholngecnpopgafijhenn.crx,60
Malicious browser extension | Extension ID(s): ondmhoohnlhclemilldijfdmlfkonfip | Source: MaliciousBrowserExtensions,89a003ea24d438eb581f15b53063a7e2c33ebc4e9407674ce601a2f3512b341f,ondmhoohnlhclemilldijfdmlfkonfip.crx,60
Malicious browser extension | Extension ID(s): gohgeedemmaohocbaccllpkabadoogpl | Source: MaliciousBrowserExtensions,89a23104e33f1c5c543eb159380b1c47d4ed73f32210a5090b277d37e0920e34,gohgeedemmaohocbaccllpkabadoogpl.crx,60
Malicious browser extension | Extension ID(s): pgcoppepfmchejpcekpmhhofikokmbak | Source: MaliciousBrowserExtensions,89c215f03bc9034639b52b90d7e4453c2adab7d19841b90e9065e385d104d33f,pgcoppepfmchejpcekpmhhofikokmbak.crx,60
Malicious browser extension | Extension ID(s): hoeghcokeoglleffagcmajogjkgeinjc | Source: MaliciousBrowserExtensions,89c4e533ab5c27a27641ff99f768851df36d17a9492d3d03f4c9d6099cea868e,hoeghcokeoglleffagcmajogjkgeinjc.crx,60
Malicious browser extension | Extension ID(s): elmjnebeklbicphkoceklapimjjjicjj | Source: MaliciousBrowserExtensions,89cc280f7a30d3b96aa7c412b3bbedda450e32aaf2c2f7ca3ce85663d0ef18ef,elmjnebeklbicphkoceklapimjjjicjj.crx,60
Malicious browser extension | Extension ID(s): gpdkajdgppoccfpeocndflnlmjemalfh | Source: MaliciousBrowserExtensions,8a57ee25dec9334b58f04c2c27225f7586c4ed4a09e0ae0dedb5ee9303bd3272,gpdkajdgppoccfpeocndflnlmjemalfh.crx,60
Malicious browser extension | Extension ID(s): ipjfgibgeafohhadcicgcgongehdliam | Source: MaliciousBrowserExtensions,8b9f8ce67815cd53323b7a05f1addf8595bbb127d3df450f831457255301f1c8,ipjfgibgeafohhadcicgcgongehdliam.crx,60
Malicious browser extension | Extension ID(s): amnaljnjmgajgajelnplfmidgjgbjfhe | Source: MaliciousBrowserExtensions,8c1691096f1d9a1b4a33066fdf7c6858a624c31fbbe5e006c934cbe2447d8368,amnaljnjmgajgajelnplfmidgjgbjfhe.crx,60
Malicious browser extension | Extension ID(s): cahbelonbpjbgolckchmbpdlgeglgpof | Source: MaliciousBrowserExtensions,8c97c5ec527d846d1f7018140c79c076b45a4d4d862ee73f4b0fc95f28c5b2f7,cahbelonbpjbgolckchmbpdlgeglgpof.crx,60
Malicious browser extension | Extension ID(s): mfcaneeehggllfdnekaicinjidbbongi | Source: MaliciousBrowserExtensions,8d19a8689e6c161a9cf11b5198d26ecc5a615695c1eabd47bda78526ffc13cfc,mfcaneeehggllfdnekaicinjidbbongi.crx,60
Malicious browser extension | Extension ID(s): cdfjefamdaghbhmlddgnfneonpjbbehp | Source: MaliciousBrowserExtensions,8d31062e41ba58bf273457554de4da44d8365ce5d609b16e18dac9dd193cb369,cdfjefamdaghbhmlddgnfneonpjbbehp.crx,60
Malicious browser extension | Extension ID(s): codgofkgobbmgglciccjabipdlgefnch | Source: MaliciousBrowserExtensions,8d7bdf088ff15555b34ffa8ff769f66dfe889a4d881ed9c634cdcc0d5482cd99,codgofkgobbmgglciccjabipdlgefnch.crx,60
Malicious browser extension | Extension ID(s): cljengcehefhflhoahaambmkknjekjib | Source: MaliciousBrowserExtensions,8da8b31d953a450c5cef913d259ee57f6f1a830b608d7124bd4d485052159eac,cljengcehefhflhoahaambmkknjekjib.crx,60
Malicious browser extension | Extension ID(s): fibgndhgobbaaekmnneapojgkcehaeac | Source: MaliciousBrowserExtensions,8dc3f4864b9a808856539b55b5c14b2311b16dc1d3b98cf63197895e66491f0f,fibgndhgobbaaekmnneapojgkcehaeac.crx,60
"Malicious browser extension | Extension ID(s): jacilgchggenbmgbfnehcegalhlgpnhf, kbifpojhlkdoidmndacedmkbjopeekgl, kkhjihaeddnhknninbekkhaklnailngh | Source: MaliciousBrowserExtensions",8dd2f0cfbff42b4918c87e5f65c6ba86da2cd687ba39615794a1cf12c24782f0,jacilgchggenbmgbfnehcegalhlgpnhf.crx,60
Malicious browser extension | Extension ID(s): jkekfaejgkokhbcahfmhiiecgkkkfhpa | Source: MaliciousBrowserExtensions,8de3331d95be9ee24bef29053317a441d7595219006a0399a910fa6d08a7cf1d,jkekfaejgkokhbcahfmhiiecgkkkfhpa.crx,60
Malicious browser extension | Extension ID(s): mkamgofgnhollhpgpiaifcjhffkhgndk | Source: MaliciousBrowserExtensions,8e0045cb0fc4b1a9c9f0ee29b6f6d266913284468ff6af6a000e7891230f8177,mkamgofgnhollhpgpiaifcjhffkhgndk.crx,60
Malicious browser extension | Extension ID(s): ojlbdnmdbhjgkljldaogkoabhabjoadg | Source: MaliciousBrowserExtensions,8e8edbf8ef8e805d3f74c1954341c8e3ceda918bcbaecc5ff9de23512d661759,ojlbdnmdbhjgkljldaogkoabhabjoadg.crx,60
Malicious browser extension | Extension ID(s): kglhlmkedfjgbfhleoifbnjhblmjbphg | Source: MaliciousBrowserExtensions,8ea519c91d17467665fa2e54077013a35f202761b4a0cd30f84c8e3c0279cf48,kglhlmkedfjgbfhleoifbnjhblmjbphg.crx,60
Malicious browser extension | Extension ID(s): hmnpiaijfkaoecnpckcfjjkdlajnonbh | Source: MaliciousBrowserExtensions,8f13a49b0c2ad54e7ef5fef5e16af288fc2db4c89ae1d53f5d6af055d4c7496d,hmnpiaijfkaoecnpckcfjjkdlajnonbh.crx,60
Malicious browser extension | Extension ID(s): onfjapdgahmnajmbkacmifpciokicbkd | Source: MaliciousBrowserExtensions,8f582cb8a8a9925614ae25a279104049b1f60485e37fa75b275fe548ea7e1d7d,onfjapdgahmnajmbkacmifpciokicbkd.crx,60
Malicious browser extension | Extension ID(s): ngohccekcogognbibjfipmpckfnincli | Source: MaliciousBrowserExtensions,8f6b9d1fb4169145752742d26b25180a6252c9f298983b4a0e5690d1bd1cf77f,ngohccekcogognbibjfipmpckfnincli.crx,60
Malicious browser extension | Extension ID(s): calbnkamaibciogbicgbgpocigocaofh | Source: MaliciousBrowserExtensions,8fed2464de6894ba7ff36b34bd1044d5a3008eda0b2fd650a674672c7a9b3f23,calbnkamaibciogbicgbgpocigocaofh.crx,60
Malicious browser extension | Extension ID(s): mmecpiobcdbjkaijljohghhpfgngpjmk | Source: MaliciousBrowserExtensions,901f0b6c3351ab969b8388fcbc011a1277e35f0af7ffbc539cdec81a061789b5,mmecpiobcdbjkaijljohghhpfgngpjmk.crx,60
Malicious browser extension | Extension ID(s): gbhhgipmedccnankkjchgcidiigmioio | Source: MaliciousBrowserExtensions,903c7f91e1dabda464d1444f049c981928d3458f5a70105628bc30d0df8bd195,gbhhgipmedccnankkjchgcidiigmioio.crx,60
Malicious browser extension | Extension ID(s): gmmhcbmmnclgmmjimiiefhiagmpamdlb | Source: MaliciousBrowserExtensions,9044ac71f79789c48d6c981ec395e937616aa57fb033fd2bfe95762ddc255f48,gmmhcbmmnclgmmjimiiefhiagmpamdlb.crx,60
Malicious browser extension | Extension ID(s): ijfmkphjcogaealhjgijjfjlkpdhhojk | Source: MaliciousBrowserExtensions,904809ced7805ad1f386ae25fd7fa5d57b62eee2c45418d82daf6afd2da41827,ijfmkphjcogaealhjgijjfjlkpdhhojk.crx,60
"Malicious browser extension | Extension ID(s): hfignegjmgkcmeipgbdpaihpbnjdkgbm, ijbpegpcaiencppbgaldjflmllhhdfog, lblgjffllphdepifdkfhlihddckhlkll | Source: MaliciousBrowserExtensions",91166de2e4c8b3648307f8c5ff71e72ead28d6b34e0413db27075e23c205a77d,hfignegjmgkcmeipgbdpaihpbnjdkgbm.crx,60
Malicious browser extension | Extension ID(s): dfcklcdpnbecfbjipopoeigjipfmnmle | Source: MaliciousBrowserExtensions,9169569f90d729a52471c854f8161b16c61057d9c3bbeeb39858130033f8110d,dfcklcdpnbecfbjipopoeigjipfmnmle.crx,60
Malicious browser extension | Extension ID(s): iloeambbfeeikpjhkpfcbcplpobgapel | Source: MaliciousBrowserExtensions,9275dcf953bbe931b612b023af6b4176b05aed8ea940cadd27cc2a7ebcf4b8ed,iloeambbfeeikpjhkpfcbcplpobgapel.crx,60
Malicious browser extension | Extension ID(s): gomekmidlodglbbmalcneegieacbdmki | Source: MaliciousBrowserExtensions,92a5489f6464cfe52a19ff0033fb80588833cf6e1e2055f63d5ff54eac6c9060,gomekmidlodglbbmalcneegieacbdmki.crx,60
Malicious browser extension | Extension ID(s): pndmbpnfolikhfnfnkmjkkpcgkmaibec | Source: MaliciousBrowserExtensions,92ed5e31d6a0102431105a456cac9466ebe4ef6fb7a1dbd58e036ae63c916967,pndmbpnfolikhfnfnkmjkkpcgkmaibec.crx,60
Malicious browser extension | Extension ID(s): ekomkpgkmieaaekmaldmaljljahehkoi | Source: MaliciousBrowserExtensions,93213cb053a45ea805984d9b6b55d80e7617dbb8005eec31ae360778fdc252d0,ekomkpgkmieaaekmaldmaljljahehkoi.crx,60
Malicious browser extension | Extension ID(s): anggbncfkojnpldcpblaboandcjajkgl | Source: MaliciousBrowserExtensions,933cac1cce5d667e1fca4078a57806a80320afbfc615a8b26bbb7bcefc57c210,anggbncfkojnpldcpblaboandcjajkgl.crx,60
Malicious browser extension | Extension ID(s): ddhjjndlmjakdcdcmgajploledaclbfk | Source: MaliciousBrowserExtensions,93423806f9bbd8957cc2376b1f26f41a854f470c70ec15aaecadb15063ca89a7,ddhjjndlmjakdcdcmgajploledaclbfk.crx,60
Malicious browser extension | Extension ID(s): hfmkkjaibgegmmfihchilhlffabegina | Source: MaliciousBrowserExtensions,937b730fccdac7e09a0766624661d83f5da56755ff1ebb8af1650b7f7a957d8a,hfmkkjaibgegmmfihchilhlffabegina.crx,60
Malicious browser extension | Extension ID(s): gnignaonemjabnmmfjkilpfodbfgacfk | Source: MaliciousBrowserExtensions,942ee86e91d9863d6fec628b6a9aa1a17b8f95f2ad88af089a67d8ce833fe696,gnignaonemjabnmmfjkilpfodbfgacfk.crx,60
Malicious browser extension | Extension ID(s): idpnkgklpceoeabneppjgffcidokneif | Source: MaliciousBrowserExtensions,946855798d73ce1d7f666da3e396e26193fd7e26f007c6929eaf17f6ca5e218f,idpnkgklpceoeabneppjgffcidokneif.crx,60
Malicious browser extension | Extension ID(s): bkmmedhfnenchphbngpihpcodlimdceb | Source: MaliciousBrowserExtensions,94b48c92988a2d4579ceeef9a7e7d2ef82fe29d0affb21b42d021cdad7409385,bkmmedhfnenchphbngpihpcodlimdceb.crx,60
Malicious browser extension | Extension ID(s): hopicaedkhenimddfhgnjbicdfibnphk | Source: MaliciousBrowserExtensions,95d0a4f5fe34bccad95cef5111f293b175dee686c57bcac8ec7b965b09aae57f,hopicaedkhenimddfhgnjbicdfibnphk.crx,60
Malicious browser extension | Extension ID(s): dbclhjpifdfkofnmjfpheiondafpkoed | Source: MaliciousBrowserExtensions,9637ef45043e29fecbd27adaf4eccd1987509aaa7042106429e3f5387da2c248,dbclhjpifdfkofnmjfpheiondafpkoed.crx,60
Malicious browser extension | Extension ID(s): enbiohidhjmepichhkjgbgppabjembml | Source: MaliciousBrowserExtensions,9644c7db2ed3739a28fd101e6877b5c3a1ba6f159644ad93b522386dcee45edd,enbiohidhjmepichhkjgbgppabjembml.crx,60
Malicious browser extension | Extension ID(s): pgfibniplgcnccdnkhblpmmlfodijppg | Source: MaliciousBrowserExtensions,96ab6e2f49514879885a5fb2b7b70e6b3da349723b08b0a5cad86194f102edbf,pgfibniplgcnccdnkhblpmmlfodijppg.crx,60
Malicious browser extension | Extension ID(s): eeicldodfhmgcjedepfmmpdpibebgkbl | Source: MaliciousBrowserExtensions,96de6435d15737f9da5ec7d3e75b900a0a8291b9e81c5e76acb3f06083165a06,eeicldodfhmgcjedepfmmpdpibebgkbl.crx,60
Malicious browser extension | Extension ID(s): cpjmmnhmieannhjnjjfcpmkpjgnakjaj | Source: MaliciousBrowserExtensions,978509812f0d566b8722dbdbdb940a0647b4744143c1af637a5c3a0a859a2766,cpjmmnhmieannhjnjjfcpmkpjgnakjaj.crx,60
Malicious browser extension | Extension ID(s): iedplnnolciaofkakkjmcojnmklpfikg | Source: MaliciousBrowserExtensions,97c4b8037bdd6b3ac6e7c562dce3650ef5425b60de5e28e54ad7dc85c3650db9,iedplnnolciaofkakkjmcojnmklpfikg.crx,60
Malicious browser extension | Extension ID(s): bifgpflmljboegdapmikafhpilijdead | Source: MaliciousBrowserExtensions,98358c4d25a1e6a1c6215f333c3e23d79601c64f158a7920770f63240be59f0e,bifgpflmljboegdapmikafhpilijdead.crx,60
Malicious browser extension | Extension ID(s): jdpnclabfdjckoggcihhcfphomgcmfib | Source: MaliciousBrowserExtensions,9850435aca754238f6766ed23f2d643f0c3ce493dbe409a7f3527dcfb9b1cada,jdpnclabfdjckoggcihhcfphomgcmfib.crx,60
Malicious browser extension | Extension ID(s): edmogjhhhoikmgdchmfgmdfnajnfpopf | Source: MaliciousBrowserExtensions,98982e63f54b7fceccee0c110d477ea85dcac0f0b47e5e9a57b3116bebdf2c7e,edmogjhhhoikmgdchmfgmdfnajnfpopf.crx,60
Malicious browser extension | Extension ID(s): kahcolfecjbejjjadhjafmihdnifonjf | Source: MaliciousBrowserExtensions,98eb95507bf157f264536900a2a270179b4d97f02213318ebe4eacb90779f186,kahcolfecjbejjjadhjafmihdnifonjf.crx,60
Malicious browser extension | Extension ID(s): phadahcflgdgodfbndbommabigemebhl | Source: MaliciousBrowserExtensions,995407d38f1a5a5be79de32d11e9b6d118f3461b3d126c6c93a9086619e1ee06,phadahcflgdgodfbndbommabigemebhl.crx,60
Malicious browser extension | Extension ID(s): dnmfcojgjchpjcmjgpgonmhccibjopnb | Source: MaliciousBrowserExtensions,99ff86494be59ffec3012d2810c64c1442b84413a1c3173457399c66736bf5f0,dnmfcojgjchpjcmjgpgonmhccibjopnb.crx,60
Malicious browser extension | Extension ID(s): abbngaojehjekanfdipifimgmppiojpl | Source: MaliciousBrowserExtensions,9a4c2d21a6288e8e503fcbca81b6db3fe2d2beb57438720cb4dcf7800743a65f,abbngaojehjekanfdipifimgmppiojpl.crx,60
Malicious browser extension | Extension ID(s): ogbcnckfiabjkgofnkmohmjabcadcpjj | Source: MaliciousBrowserExtensions,9a8ae6799a9051b08c1247676024b56d5b744e446338354c3317a2a9308d673a,ogbcnckfiabjkgofnkmohmjabcadcpjj.crx,60
Malicious browser extension | Extension ID(s): gmcfalbhfnhpgffchgogpnlmdgalbeml | Source: MaliciousBrowserExtensions,9af08694c2d76ccd6134df6278e4015b40334f9db8a2696474e1017e462d8098,gmcfalbhfnhpgffchgogpnlmdgalbeml.crx,60
Malicious browser extension | Extension ID(s): plciffedekbipeophpkkjlilcdfnnkic | Source: MaliciousBrowserExtensions,9b822c04a7fbfd03ad631b8e943df208a4ed8ff96e220b797afab658a450931b,plciffedekbipeophpkkjlilcdfnnkic.crx,60
Malicious browser extension | Extension ID(s): liimhladbmdgppodfomkkcppkfbkmjbm | Source: MaliciousBrowserExtensions,9ba9b463afa8883b43cec46d622f4c6ff33300af784d3ecf64a6f1b36c63c643,liimhladbmdgppodfomkkcppkfbkmjbm.crx,60
Malicious browser extension | Extension ID(s): pmohoeododoachjkhdlifkmgoihmffij | Source: MaliciousBrowserExtensions,9bf8ebedf1e3b9dfbcf5ba1db095647f1f5b0547ede173a9f14ad4e31f2c9c97,pmohoeododoachjkhdlifkmgoihmffij.crx,60
Malicious browser extension | Extension ID(s): flkdjodmoefccepdihipjdlianmkmhgc | Source: MaliciousBrowserExtensions,9bfe0129099d91ce0f921ea018ee152fb598d25b0502dc304ae33127f0d7f830,flkdjodmoefccepdihipjdlianmkmhgc.crx,60
Malicious browser extension | Extension ID(s): khefbhanpeicefjhlogailkalglhdlea | Source: MaliciousBrowserExtensions,9ccb383bbbd5f4dffdbcca57ca80249acc80450827b3118d1bd87a28b79e3536,khefbhanpeicefjhlogailkalglhdlea.crx,60
Malicious browser extension | Extension ID(s): pnmmfplemkekboaalbeeajfidkkepppl | Source: MaliciousBrowserExtensions,9cf140efa0e03e7cd059c421a2421d8b093a01ea9589fa0ba19a0f0cfc3e5639,pnmmfplemkekboaalbeeajfidkkepppl.crx,60
Malicious browser extension | Extension ID(s): ikaiigidedfhichcdloodfefkjbpbdak | Source: MaliciousBrowserExtensions,9cf9baf22990e3fbce7438400db9659cdddcd2f6cae38f99936fc1efd08a3ae7,ikaiigidedfhichcdloodfefkjbpbdak.crx,60
Malicious browser extension | Extension ID(s): baabjhdplplmihlnecgjajjdllllfhhf | Source: MaliciousBrowserExtensions,9d0a135ead21475eb986a34bbe33171dac1a3765d93103bb72461df656b18766,baabjhdplplmihlnecgjajjdllllfhhf.crx,60
Malicious browser extension | Extension ID(s): eeoonfhmbjlmienmmbgapfloddpmoalh | Source: MaliciousBrowserExtensions,9d0f550ac883455ed64da402cdb0c822c90de405c540678e0697b77fe20de3cf,eeoonfhmbjlmienmmbgapfloddpmoalh.crx,60
Malicious browser extension | Extension ID(s): ihldefkgpnceoelikkacpffhabnhfdpm | Source: MaliciousBrowserExtensions,9d24388e5b80fba94b44191d8e6e81186f41b1903fb4967a3feee01d977e21b8,ihldefkgpnceoelikkacpffhabnhfdpm.crx,60
Malicious browser extension | Extension ID(s): iccpkfpgkhinigpcaldpldkjpihcngin | Source: MaliciousBrowserExtensions,9d7a4a0eb1f4304da3cb29cd2fbcb67b223534c3d88583b1e9569c00af5e833f,iccpkfpgkhinigpcaldpldkjpihcngin.crx,60
Malicious browser extension | Extension ID(s): fmgongfibgfdkeabifkfkibkohdmahop | Source: MaliciousBrowserExtensions,9db13e28367b92fb208b90057e2016eb43ff8fb9c6b70a91617277c80e46c143,fmgongfibgfdkeabifkfkibkohdmahop.crx,60
Malicious browser extension | Extension ID(s): dhllmgbdfgblbeckhcidmbcamonplgmg | Source: MaliciousBrowserExtensions,9ea45cb26e735803fd1b30b2247762b4421348d48fa2573c320b6fca68c36712,dhllmgbdfgblbeckhcidmbcamonplgmg.crx,60
Malicious browser extension | Extension ID(s): hiiildgldbpfbegcfgemoliikibfhaeh | Source: MaliciousBrowserExtensions,9ef386a4c7c98e83083209a7ac9692842a232fed5606d145e82d70ff3fbbda76,hiiildgldbpfbegcfgemoliikibfhaeh.crx,60
Malicious browser extension | Extension ID(s): icjnjndpfkjjlhdcbigakplonifnhnpk | Source: MaliciousBrowserExtensions,9f18a238a45bb471f7c9b83d3dd0dcedf5fb7c76f08ffb73abd44ab367124b95,icjnjndpfkjjlhdcbigakplonifnhnpk.crx,60
Malicious browser extension | Extension ID(s): njmlahdnjgafdichmdlafnlbckkpidic | Source: MaliciousBrowserExtensions,9f609ae88e40804c03ccab51eceee41d677b97c83fec8ba2320dd9fa084902e1,njmlahdnjgafdichmdlafnlbckkpidic.crx,60
Malicious browser extension | Extension ID(s): kjbelgiekopnehkjmcpoiiopmfhbcokn | Source: MaliciousBrowserExtensions,9f744118b707585f80c4fbadb648b5217d5e92057570cf0ff87a114b4bce9786,kjbelgiekopnehkjmcpoiiopmfhbcokn.crx,60
Malicious browser extension | Extension ID(s): abjgfdfbmmijjdfbohbhgdnjeipjbplj | Source: MaliciousBrowserExtensions,9fa11cf5e27713372e5af5f20593883e1cff6046c497e661f64a57dff417a507,abjgfdfbmmijjdfbohbhgdnjeipjbplj.crx,60
Malicious browser extension | Extension ID(s): doapacnhgcnojfakmppeapngneienlhl | Source: MaliciousBrowserExtensions,9fb420c8e3760462fd786fde4cf8256c7290952ca9b35a34f4604586cf5af24d,doapacnhgcnojfakmppeapngneienlhl.crx,60
Malicious browser extension | Extension ID(s): opdcfknedcfgiophhnojmnljpndojbom | Source: MaliciousBrowserExtensions,a02737b0a00f6aac9dcf0dee6a7edad99a569c6ffd824d78ea74fca058a48e67,opdcfknedcfgiophhnojmnljpndojbom.crx,60
Malicious browser extension | Extension ID(s): gcdfailafdfjbailcdcbjmeginhncjkb | Source: MaliciousBrowserExtensions,a02b0603b2dc431f6ac901fb59bd1932475a063b25dcaf556c5ee16bc791a9ac,gcdfailafdfjbailcdcbjmeginhncjkb.crx,60
Malicious browser extension | Extension ID(s): bgdkbjcdecedfoejdfgeafdodjgfohno | Source: MaliciousBrowserExtensions,a0488439dbbc013a98ec63d9ab7d9029397db0650bbe138af42e18083fbbeecb,bgdkbjcdecedfoejdfgeafdodjgfohno.crx,60
Malicious browser extension | Extension ID(s): lfmkljhfpjpcoeghgomhemecbcojikai | Source: MaliciousBrowserExtensions,a0b234223377ab75155b3861b287de2574d4507598fb056bfdb02c609628560c,lfmkljhfpjpcoeghgomhemecbcojikai.crx,60
Malicious browser extension | Extension ID(s): ckicpgoimmcplbdeblgkcimhchdkkmlg | Source: MaliciousBrowserExtensions,a0b76096da83b1d01b066bc5b388d3a966cbd69854add2ea10e86506c7c239a4,ckicpgoimmcplbdeblgkcimhchdkkmlg.crx,60
Malicious browser extension | Extension ID(s): ggpncchenfmambejcehgjadnedckijaf | Source: MaliciousBrowserExtensions,a0c878b42c5ca3b1bfaaa5b08f87fde17d34c80f190e1580681b2965040fd2e3,ggpncchenfmambejcehgjadnedckijaf.crx,60
Malicious browser extension | Extension ID(s): aikeingnnaofblajmpkdamcmbinjicek | Source: MaliciousBrowserExtensions,a1087ac95bfe5dc11689a5d0a2ea7e1481578adc311b030d93417435d71e3fec,aikeingnnaofblajmpkdamcmbinjicek.crx,60
Malicious browser extension | Extension ID(s): ndajcmifndknmkckdcdefkpgcodciggk | Source: MaliciousBrowserExtensions,a15bde49870be78040a72b2a1ed6b53067a8b9896fc13600d774d070ad5a0ce9,ndajcmifndknmkckdcdefkpgcodciggk.crx,60
Malicious browser extension | Extension ID(s): lmbopdiikkamfphhgcckcjhojnokgfeo | Source: MaliciousBrowserExtensions,a188f0a52e2e7236a4919a41ecf71cf34e2c7195c4adcf1e2c652969c06a9209,lmbopdiikkamfphhgcckcjhojnokgfeo.crx,60
Malicious browser extension | Extension ID(s): oejhnncfanbaogjlbknmlgjpleachclf | Source: MaliciousBrowserExtensions,a1bc35fb88cf3939e396357dfa351aafc3d337f6b707f5d0fdcac8854389d4a3,oejhnncfanbaogjlbknmlgjpleachclf.crx,60
Malicious browser extension | Extension ID(s): hlahebdnafgbfeggppedlncpkkhofhfk | Source: MaliciousBrowserExtensions,a209224afcb4c530ee2663a604151c84dac25b80b5e6d3a1b661a181b168619a,hlahebdnafgbfeggppedlncpkkhofhfk.crx,60
Malicious browser extension | Extension ID(s): gfhcdakcnpahfdealajmhcapnhhablbp | Source: MaliciousBrowserExtensions,a2305aeb7c30645d78d9d76208c4a41c72f989215b097ad0ede151d52ebe6cf8,gfhcdakcnpahfdealajmhcapnhhablbp.crx,60
Malicious browser extension | Extension ID(s): mcaglpclodnaiimhicpjemhcinjfnjce | Source: MaliciousBrowserExtensions,a23109077f3111c8ad98c45b940bfc8a87602d48da7713dd993bf163819be6af,mcaglpclodnaiimhicpjemhcinjfnjce.crx,60
Malicious browser extension | Extension ID(s): aeaaddfnednkbjbijieienagdilibjmo | Source: MaliciousBrowserExtensions,a2539b28baf7a165b9d504b7d3b2cf020ee810c3b46066762a0bd7cfa950be5d,aeaaddfnednkbjbijieienagdilibjmo.crx,60
Malicious browser extension | Extension ID(s): hokdpdlchkgcenfpiibjjfkfmleoknkp | Source: MaliciousBrowserExtensions,a25a3e108f62a10caa2b736123ca7350e9dbc1b888c44e909cbd6866205ca671,hokdpdlchkgcenfpiibjjfkfmleoknkp.crx,60
Malicious browser extension | Extension ID(s): fgnnpafmckdabkmgopdkkcnmenfmahkm | Source: MaliciousBrowserExtensions,a2a5e2d984106a45ed4e58c6839163a1192ba448934b27f46a275559b6e9267c,fgnnpafmckdabkmgopdkkcnmenfmahkm.crx,60
Malicious browser extension | Extension ID(s): igjfbdhfpnmbbiegnnlhhokbdpoglmba | Source: MaliciousBrowserExtensions,a3a1fb54086ba9e4204ab3fe99ae7ab3de8c29c0c3ed1b5dd743ef4013b63403,igjfbdhfpnmbbiegnnlhhokbdpoglmba.crx,60
Malicious browser extension | Extension ID(s): gjaahnaaehopcpdhgpjddonmkgffpmji | Source: MaliciousBrowserExtensions,a420032603ded89b36d0419e85cd680d0f65df5e0a2241a2305d1e340999d61b,gjaahnaaehopcpdhgpjddonmkgffpmji.crx,60
"Malicious browser extension | Extension ID(s): dncncgaaalajgbijnalajojmmdmbdeci, mjdhgndjbajnanfimjipafechjbakdhh | Source: MaliciousBrowserExtensions",a4283db7036632949c50301d6276b2eb4a032cbc7d59bef9e8dc56193246a5e9,dncncgaaalajgbijnalajojmmdmbdeci.crx,60
Malicious browser extension | Extension ID(s): ijgfnklhknbjfjjbacefdgpjbkjdkfoc | Source: MaliciousBrowserExtensions,a42a9047a8539769b9b6d6cd9766e8e2815e3a260ad073aac5aff4f740c1845f,ijgfnklhknbjfjjbacefdgpjbkjdkfoc.crx,60
Malicious browser extension | Extension ID(s): dlaeopfffpngikkaccaknkmdgjdianin | Source: MaliciousBrowserExtensions,a44bf8b641cea34fa9b709baebc383cde6539783381ce9ed9b206ccb0f06384d,dlaeopfffpngikkaccaknkmdgjdianin.crx,60
Malicious browser extension | Extension ID(s): cabdahinacflcaaagobghohleefogogk | Source: MaliciousBrowserExtensions,a44e29fe0a235458be2e9e5c8c755c6726af7f9373e59802c2cbc1dab2f3e646,cabdahinacflcaaagobghohleefogogk.crx,60
Malicious browser extension | Extension ID(s): clcpecjofmjiapknnccnflcagbjdeccf | Source: MaliciousBrowserExtensions,a4d266812179f10d5a081253a59d7c00582584d54bff6b9bb62873ec3ed808bd,clcpecjofmjiapknnccnflcagbjdeccf.crx,60
Malicious browser extension | Extension ID(s): ccnceaompinfjgnfkbcnfgaenklmafil | Source: MaliciousBrowserExtensions,a4d319c15b98c8d29d1dfa626f88d640ad2c9d05c74ce0a7c3e1fdad4e2db62f,ccnceaompinfjgnfkbcnfgaenklmafil.crx,60
Malicious browser extension | Extension ID(s): kojpkekfanejpfmildijmgmapdgepddn | Source: MaliciousBrowserExtensions,a51eae20750718578ca9211473a8362b0ebf71c87ab1601d414353af2288a33f,kojpkekfanejpfmildijmgmapdgepddn.crx,60
Malicious browser extension | Extension ID(s): jjngbcodoldjmpjpfbhfelaljbdlkekh | Source: MaliciousBrowserExtensions,a57e18a59fbd9e10c9282e3bed6aff6c2a2318e682df64d5515e8769ccf80890,jjngbcodoldjmpjpfbhfelaljbdlkekh.crx,60
Malicious browser extension | Extension ID(s): fnonmdajnijmkceinkipcijkgnbkejaf | Source: MaliciousBrowserExtensions,a59908498127bab2bc8a0b63c39dad460db2c41d31a875eaa195fbfd3b20b12d,fnonmdajnijmkceinkipcijkgnbkejaf.crx,60
Malicious browser extension | Extension ID(s): lbaphifcdembobfoannnpogppkacjkhk | Source: MaliciousBrowserExtensions,a5b3a17359412b7270bc57e08ee22a1ac0bc30bbadd83ba4c2582d852e57e796,lbaphifcdembobfoannnpogppkacjkhk.crx,60
Malicious browser extension | Extension ID(s): omdbnfgeiodifpcndelahincimhbooae | Source: MaliciousBrowserExtensions,a62c2018c1700688e90fab648fc4175a8b6fd3bac065bebec9902883aaf8ac0f,omdbnfgeiodifpcndelahincimhbooae.crx,60
Malicious browser extension | Extension ID(s): mjojolnflneijogfbcoficpkmldhamba | Source: MaliciousBrowserExtensions,a6545259f3410b17094f249222c8b92da98aff38d0f5b43c90f6b09b6e60bc9b,mjojolnflneijogfbcoficpkmldhamba.crx,60
Malicious browser extension | Extension ID(s): gbaoddbbpompjhmilbgiaapkkakldlpc | Source: MaliciousBrowserExtensions,a66e4c4fd2325bb7cfbd1edf554077ce3202ae29d5f5ac6420e80e83ceb85030,gbaoddbbpompjhmilbgiaapkkakldlpc.crx,60
Malicious browser extension | Extension ID(s): laeciedchhnmnfhllplcgkfcdbdfgdhn | Source: MaliciousBrowserExtensions,a69f5e2913d4b82a1833ac9fe820f9d5f6a49e9593ddf370b0360b3d06b76854,laeciedchhnmnfhllplcgkfcdbdfgdhn.crx,60
Malicious browser extension | Extension ID(s): ifohhcbccciphedicdbedaomdhblnhob | Source: MaliciousBrowserExtensions,a6bbd087b05cf3bd4d4ff4e5731815d6962c09cf08983e8cd3b638d2d5379877,ifohhcbccciphedicdbedaomdhblnhob.crx,60
Malicious browser extension | Extension ID(s): cmplhaampagiakkffmgjndcjdgbglbln | Source: MaliciousBrowserExtensions,a716e2c49d98e9d968f20a321f9c600c55fbbe85cb3a4a03a5ff64d4268e2a32,cmplhaampagiakkffmgjndcjdgbglbln.crx,60
Malicious browser extension | Extension ID(s): afblbdldehhbfnkjaekojkkinfcdkjgn | Source: MaliciousBrowserExtensions,a73c617398c2b96bf5ae71d74f6c844e33b3cd4dda36a425f2c84c2d0e540d98,afblbdldehhbfnkjaekojkkinfcdkjgn.crx,60
Malicious browser extension | Extension ID(s): gpjofbomakaiicnnomapefkleamhphle | Source: MaliciousBrowserExtensions,a752b5b1cf0d3e9e44895b38e8989683ae7505906e533f8bb96b9ceddc2c6d3c,gpjofbomakaiicnnomapefkleamhphle.crx,60
Malicious browser extension | Extension ID(s): bokpbehobhpfpmamodkngkaljfmimmpa | Source: MaliciousBrowserExtensions,a75d7b0e5ee40418dddb7bf26655723404c312a01aa1d5a88872f64fb0e18128,bokpbehobhpfpmamodkngkaljfmimmpa.crx,60
Malicious browser extension | Extension ID(s): fbmlcbhdmilaggedifpihjgkkmdgeljh | Source: MaliciousBrowserExtensions,a77ae1e2b34e830bbd0dcaa9184a1b2505e04d4eb619f218b55ba86e9a43c9b5,fbmlcbhdmilaggedifpihjgkkmdgeljh.crx,60
Malicious browser extension | Extension ID(s): cicjlpmjmimeoempffghfglndokjihhn | Source: MaliciousBrowserExtensions,a7d8d5c286eacb0e4f5183cad8ee3cfb3348c2462c8d577bf3fe3a1cacf5a36c,cicjlpmjmimeoempffghfglndokjihhn.crx,60
Malicious browser extension | Extension ID(s): gchgkghlgpefkoepkpjdgmlcgnbblppp | Source: MaliciousBrowserExtensions,a83fd00679ceeb75ea01e2fffcaeee6ac46310ffdc3c6672b0d80723100807b0,gchgkghlgpefkoepkpjdgmlcgnbblppp.crx,60
Malicious browser extension | Extension ID(s): mldeggofnfaiinachdeidpecmflffoam | Source: MaliciousBrowserExtensions,a890f23bde682b3aa913114cb8f22fde15ca580fd928735acf621b9c41a35a1e,mldeggofnfaiinachdeidpecmflffoam.crx,60
Malicious browser extension | Extension ID(s): mpgaodghdhmeljgogbeagpbhgdbfofgb | Source: MaliciousBrowserExtensions,a8ff7faaa521ca33f745e443c6558a9dc7351d98076984f78cea1ff89c92cedb,mpgaodghdhmeljgogbeagpbhgdbfofgb.crx,60
Malicious browser extension | Extension ID(s): imaoedkofdaconheiolmmokmimlplaii | Source: MaliciousBrowserExtensions,a96cfb63c6a8a5902f7a7b39dec126fe6ad1fe7c0dc73b71a8228700294f3306,imaoedkofdaconheiolmmokmimlplaii.crx,60
Malicious browser extension | Extension ID(s): cimpffimgeipdhnhjohpbehjkcdpjolg | Source: MaliciousBrowserExtensions,a9eb649a4f5ff1ec7634d2cc5d9c58f3acdd7e6b5da45f618a7dc51b130c9270,cimpffimgeipdhnhjohpbehjkcdpjolg.crx,60
Malicious browser extension | Extension ID(s): jmpcodajbcpgkebjipbmjdoboehfiddd | Source: MaliciousBrowserExtensions,aa6901e5a6dcfae8cca4b06278fd3ed2e429e8ec29bb3ca39e0dd1cd428320e2,jmpcodajbcpgkebjipbmjdoboehfiddd.crx,60
Malicious browser extension | Extension ID(s): hfofepaldicokklmfgdonaaakebggnkb | Source: MaliciousBrowserExtensions,aae48ddcee4ad70f4309dcc49205a046adc8ac68c10861cbb4ca62da4b2aa694,hfofepaldicokklmfgdonaaakebggnkb.crx,60
Malicious browser extension | Extension ID(s): kiefglobgcfoolkfjkopcnopaagpohlc | Source: MaliciousBrowserExtensions,ab15ce970191314a2354979c1e50242dbad2c96a22b25d06b185ffd0525b62c6,kiefglobgcfoolkfjkopcnopaagpohlc.crx,60
Malicious browser extension | Extension ID(s): obhdgfnkodjcnnhpjjmlgmcngmbciimc | Source: MaliciousBrowserExtensions,ab8113f8c196758fdfa7e4aac48f37cc4ebb3cac94adb3aa9fff94b622a8c88d,obhdgfnkodjcnnhpjjmlgmcngmbciimc.crx,60
Malicious browser extension | Extension ID(s): ojjdfjlckplkkaphcpblafonbhoofddi | Source: MaliciousBrowserExtensions,aba49acbcf8d05365499d6bc6e8db75752d276be02c88becfdf7aab471f9e4fd,ojjdfjlckplkkaphcpblafonbhoofddi.crx,60
Malicious browser extension | Extension ID(s): oiofghlphpdioamgoakbafcgalhgodjh | Source: MaliciousBrowserExtensions,abb5b2a1ba2a95662365d9acc003f43850fa4ae98493d9288a45b9632aacdeb6,oiofghlphpdioamgoakbafcgalhgodjh.crx,60
Malicious browser extension | Extension ID(s): hohlchlcjnnhjghnkhlpdemkhoenfoea | Source: MaliciousBrowserExtensions,abf5e8c0422c84b0519974f6710d370ab5594ccbc37267d8489e391ef9e564b0,hohlchlcjnnhjghnkhlpdemkhoenfoea.crx,60
Malicious browser extension | Extension ID(s): akifdnfipbeoonhoeabdicnlcdhghmpn | Source: MaliciousBrowserExtensions,abf7b17ce1ac939462baec1b0e29d157c2d6fe1337ab87b82e5014979efe08f4,akifdnfipbeoonhoeabdicnlcdhghmpn.crx,60
Malicious browser extension | Extension ID(s): aeglpahooigfloknbcocdkgoklmopcad | Source: MaliciousBrowserExtensions,ac33c08c0a8d559db8965b6e92c3a5e2181eb6104c1054d8242f7e7e609b867c,aeglpahooigfloknbcocdkgoklmopcad.crx,60
Malicious browser extension | Extension ID(s): jlnmbimmmnmejkjgaedggiignfciekim | Source: MaliciousBrowserExtensions,acc337d7f7e4ff1434345ccd376a6faa3423fe6083b0b284bdc85277237550ae,jlnmbimmmnmejkjgaedggiignfciekim.crx,60
Malicious browser extension | Extension ID(s): dhehohioamlbamodmibbdbondgbbpkpb | Source: MaliciousBrowserExtensions,acef5b0f94c6833ba779670468209c43024c1b51038c41b438eb19062ac89feb,dhehohioamlbamodmibbdbondgbbpkpb.crx,60
Malicious browser extension | Extension ID(s): gnfpgncjogpbomifiegijoikfpjpoole | Source: MaliciousBrowserExtensions,adb805baa9c443b21be96a1d2b71b302310260718dab5c996780b58e656c7ca6,gnfpgncjogpbomifiegijoikfpjpoole.crx,60
Malicious browser extension | Extension ID(s): gckefkbaglmdpmjndciiahaccljdddai | Source: MaliciousBrowserExtensions,adbda29ebdc1a459701670d3c5290e74807e4a8bf1245c6f4afb142e0751aaf6,gckefkbaglmdpmjndciiahaccljdddai.crx,60
Malicious browser extension | Extension ID(s): kmeneimgonibpggfkjihdghpaioikppd | Source: MaliciousBrowserExtensions,adbdcc6e6ed22c96ffa0a5ba105a1430a8d66ad7c91c7f33a9142a2ba1b4dbef,kmeneimgonibpggfkjihdghpaioikppd.crx,60
"Malicious browser extension | Extension ID(s): gogbiohkminacikoppmljeolgccpmlop, iefpkdilnfhogjbkhgnliaomoldgkdlj, pcdgkgbadeggbnodegejccjffnoakcoh | Source: MaliciousBrowserExtensions",ade7b253bdd8cf8db8dffe1f0ad11789d18aa7ca895a28d82d85fa6b562e5596,gogbiohkminacikoppmljeolgccpmlop.crx,60
Malicious browser extension | Extension ID(s): gpdfpljioapjogbnlpmganakfjcemifk | Source: MaliciousBrowserExtensions,ae427143227f2c2b80c840aea1eba006899297b3ccd4442ef102a6a095a30f1c,gpdfpljioapjogbnlpmganakfjcemifk.crx,60
Malicious browser extension | Extension ID(s): mnpacdigbockiilmilhbedciadenfdnb | Source: MaliciousBrowserExtensions,ae59ef7886336d0daaf40866663e73790373a14dfd8e1073298a8e04027cc0b5,mnpacdigbockiilmilhbedciadenfdnb.crx,60
Malicious browser extension | Extension ID(s): dligcnabijlnmgbamdiakeoencoomaef | Source: MaliciousBrowserExtensions,ae78259e34316e6fc8be49f91b9a2077dee4cebf94f1518fd3483896f760f7cc,dligcnabijlnmgbamdiakeoencoomaef.crx,60
Malicious browser extension | Extension ID(s): jefnljneijhahhfffilpmfpofhgigkhd | Source: MaliciousBrowserExtensions,aea217f57e701ee7e805aff46270ffbed77f6e1cf85764eb38570f9a68acc085,jefnljneijhahhfffilpmfpofhgigkhd.crx,60
Malicious browser extension | Extension ID(s): khaoknlphonpaimkkeepehffbkgobdjc | Source: MaliciousBrowserExtensions,af4fd10bd2fcc9788b0db1678a995c5c3a5d609f8935d4c7cb9fb40f954dea3e,khaoknlphonpaimkkeepehffbkgobdjc.crx,60
Malicious browser extension | Extension ID(s): pfoehpcdijnjnlbeekjpndlfengadhba | Source: MaliciousBrowserExtensions,afda32e5f005f30a66f9beadf5b0a42573cf3d05c12c5eebb3eb44a4e3551a7a,pfoehpcdijnjnlbeekjpndlfengadhba.crx,60
Malicious browser extension | Extension ID(s): hnkdnicapamolkbngbhpkoebelhoopkk | Source: MaliciousBrowserExtensions,afe8946b5743a9a00962101f83c046c7f5708bf022a8e5d38eb39c0d9793e475,hnkdnicapamolkbngbhpkoebelhoopkk.crx,60
Malicious browser extension | Extension ID(s): hnpbijogiiaegambgpaenjbcbgaeimlf | Source: MaliciousBrowserExtensions,afec70d478cb1c0efe46371d316faff67c01f30e06dc21465481b611748718cf,hnpbijogiiaegambgpaenjbcbgaeimlf.crx,60
Malicious browser extension | Extension ID(s): mldhnfajgpmjhdcfjobajiiinnaajbma | Source: MaliciousBrowserExtensions,b0896ca1d57e909411d04a9c7ea6f1ffc262d6a9c74142442171989c498d9551,mldhnfajgpmjhdcfjobajiiinnaajbma.crx,60
Malicious browser extension | Extension ID(s): ilhkddenpjglbamfkdfcggplilcibono | Source: MaliciousBrowserExtensions,b0ae2b7d8f9001bb62a3b5af14f2cf131ecc6a67b89da013ceb9c66959544d7a,ilhkddenpjglbamfkdfcggplilcibono.crx,60
Malicious browser extension | Extension ID(s): kidhjgofjnmjpbdhagacohdggmdfcgfl | Source: MaliciousBrowserExtensions,b110a64a1c6f32ffa18c1fd7847af1839786d3f2bcae3f7effcafc3ab4f483b2,kidhjgofjnmjpbdhagacohdggmdfcgfl.crx,60
Malicious browser extension | Extension ID(s): ljcgnobemekghgobhlplpehijemdgcgo | Source: MaliciousBrowserExtensions,b11111fba9643f3b7ae19a93bc476db8dc5cd2bebd94720eacdb990f9588897f,ljcgnobemekghgobhlplpehijemdgcgo.crx,60
Malicious browser extension | Extension ID(s): bnnjeanokjfhhkohkaoghfclocnhpcia | Source: MaliciousBrowserExtensions,b11dccb9ae57e6a04cab342b56c737af7d51fb18d170d6b3ca45a1f7932db5f7,bnnjeanokjfhhkohkaoghfclocnhpcia.crx,60
Malicious browser extension | Extension ID(s): fephkdkjkfcciljffkakepiefhmeikpm | Source: MaliciousBrowserExtensions,b155db2446da0a8cf9c002c3377c1e95fd0230ac9ae217d83d9e13cf0538b130,fephkdkjkfcciljffkakepiefhmeikpm.crx,60
Malicious browser extension | Extension ID(s): acmfnomgphggonodopogfbmkneepfgnh | Source: MaliciousBrowserExtensions,b178038b05b31df7f7d15e694ab40581a43dd42679d6d565ea8e4ad122f82fa9,acmfnomgphggonodopogfbmkneepfgnh.crx,60
Malicious browser extension | Extension ID(s): choldfdafblhjjfdbnibekaakmhnfabc | Source: MaliciousBrowserExtensions,b1b24a038058f616e92df5af775d6d3edccaca64430fc2c6a1ad6d6f52d9180c,choldfdafblhjjfdbnibekaakmhnfabc.crx,60
Malicious browser extension | Extension ID(s): leimopkbcijhhkpaigamminemckeihko | Source: MaliciousBrowserExtensions,b229173416f45417654296c5f1d882d5f2da04f92443aee30cebe4f849427bb0,leimopkbcijhhkpaigamminemckeihko.crx,60
Malicious browser extension | Extension ID(s): nphllmhkkoiaelncflmenjabjcdhplje | Source: MaliciousBrowserExtensions,b230f6e08ef9ce591f957d102d6d027e5fb5858befa2f2acb1dff40f627f9497,nphllmhkkoiaelncflmenjabjcdhplje.crx,60
Malicious browser extension | Extension ID(s): cbpfihfjeleikcpadajchoebgfblalid | Source: MaliciousBrowserExtensions,b2339c55fff0fde87c4f75be50bea3dc5d60c013e633b79be5790b432c26b734,cbpfihfjeleikcpadajchoebgfblalid.crx,60
Malicious browser extension | Extension ID(s): mnhffkhmpnefgklngfmlndmkimimbphc | Source: MaliciousBrowserExtensions,b2459a7dc91efb7037375462a656f737f650158cfcab5723ada09393f798e402,mnhffkhmpnefgklngfmlndmkimimbphc.crx,60
Malicious browser extension | Extension ID(s): eeaagbioaaiigjehofojbeacmcpmfggi | Source: MaliciousBrowserExtensions,b2a87c758d431823124b14548f4899a87d43974c0ec08b0aa1068d602c43741b,eeaagbioaaiigjehofojbeacmcpmfggi.crx,60
Malicious browser extension | Extension ID(s): pakgnemmpanbkmjapomefhloemiagfjm | Source: MaliciousBrowserExtensions,b2bdc85d965cdb3e40c4f0d85570219ff740a8263d214cd6afa3883a6f7dbd7d,pakgnemmpanbkmjapomefhloemiagfjm.crx,60
Malicious browser extension | Extension ID(s): hodiladlefdpcbemnbbcpclbmknkiaem | Source: MaliciousBrowserExtensions,b3216f8e6fb806119ac5a7d2fedde6790a453e3c88bff2ed480818d09cecafb6,hodiladlefdpcbemnbbcpclbmknkiaem.crx,60
Malicious browser extension | Extension ID(s): ipnjgkeodmakngjpblfmcggkcknalfam | Source: MaliciousBrowserExtensions,b32df3ae3e537a499c042896aa531dc6751a2150744ceabf930fc56c99b12ce4,ipnjgkeodmakngjpblfmcggkcknalfam.crx,60
Malicious browser extension | Extension ID(s): cgmmcoandmabammnhfnjcakdeejbfimn | Source: MaliciousBrowserExtensions,b36028da7e21ab3594f7968bda9074330e0f97b625a003a0fef67ea4cd6f0b6c,cgmmcoandmabammnhfnjcakdeejbfimn.crx,60
Malicious browser extension | Extension ID(s): hijpkhinofkdobfagfbobnnoihmopgkk | Source: MaliciousBrowserExtensions,b37e675050b1bb84cd516b6e9b694c14ab02715383f576979e0d6552467ac388,hijpkhinofkdobfagfbobnnoihmopgkk.crx,60
Malicious browser extension | Extension ID(s): fddcfopnhojdhijpfmllhieoecbckhlp | Source: MaliciousBrowserExtensions,b3a58364304fd067ec6ec70285873378b0ec2886609c1f29d59ff6b16f5a0435,fddcfopnhojdhijpfmllhieoecbckhlp.crx,60
Malicious browser extension | Extension ID(s): celcpebbklhbkakkmaiagcgdbfamcggo | Source: MaliciousBrowserExtensions,b3ce141b79e70cbdf146e9b919826f1194ea30253575dd1326d960b88a214560,celcpebbklhbkakkmaiagcgdbfamcggo.crx,60
Malicious browser extension | Extension ID(s): pblgphhmhlnhfkeldhflcefpckgnalmf | Source: MaliciousBrowserExtensions,b3f8015789271f55a4b5a63d151daf35cbaa8efa065413ab7ee5bf4145f0863b,pblgphhmhlnhfkeldhflcefpckgnalmf.crx,60
Malicious browser extension | Extension ID(s): fgbieegonkgdlkmeaapmkejdlfalonkb | Source: MaliciousBrowserExtensions,b3ffefe4da616e2b2a0f5eb713b029c73278debde081f249c2cec89f4aed3b06,fgbieegonkgdlkmeaapmkejdlfalonkb.crx,60
Malicious browser extension | Extension ID(s): bgnpgpfjdpmgfdegmmjdbppccdhjhdpe | Source: MaliciousBrowserExtensions,b47216eaf35ee3eb5dc43081e5dca231347e2c16fe182da3a1b73a1df2e77b18,bgnpgpfjdpmgfdegmmjdbppccdhjhdpe.crx,60
Malicious browser extension | Extension ID(s): giaooddllfkkkblpaedgkhfmhocponbo | Source: MaliciousBrowserExtensions,b4727f6c2b5e777c979ec10b9b230b8a151e48a9df6f81dd0b621ecf54293729,giaooddllfkkkblpaedgkhfmhocponbo.crx,60
Malicious browser extension | Extension ID(s): eiencjmoddignmjiapafelkfgfmedppl | Source: MaliciousBrowserExtensions,b4731f48adc8e0d6501f9814074545acf9d7da54ed39ac77d9f7183d72e440d1,eiencjmoddignmjiapafelkfgfmedppl.crx,60
Malicious browser extension | Extension ID(s): hdhcdlpopaiajpcmpnednmohdnfdmclp | Source: MaliciousBrowserExtensions,b52ee95673e1d911256696b5ebdfb7b6ce97605139060726257302994a6c48ac,hdhcdlpopaiajpcmpnednmohdnfdmclp.crx,60
Malicious browser extension | Extension ID(s): odeccdcabdffpebnfancpkepjeecempn | Source: MaliciousBrowserExtensions,b54780c0eaab06286b82c0f200058b876be9918ad3a5407a045eab41e5aa391f,odeccdcabdffpebnfancpkepjeecempn.crx,60
Malicious browser extension | Extension ID(s): podahboddjjbggldcbiigapfjdcemmdd | Source: MaliciousBrowserExtensions,b55b983cf1a16fd4bf78357655e5717fa93efaf7ff54ddebab41ed63a8cb6105,podahboddjjbggldcbiigapfjdcemmdd.crx,60
Malicious browser extension | Extension ID(s): pgejmpeimhjncennkkddmdknpgfblbcl | Source: MaliciousBrowserExtensions,b5a7d1336aa2fcbc5e84a2394025ec5f72e6fccd05184cbc9cd5822cadb69461,pgejmpeimhjncennkkddmdknpgfblbcl.crx,60
Malicious browser extension | Extension ID(s): ndlbedplllcgconngcnfmkadhokfaaln | Source: MaliciousBrowserExtensions,b5e05a7d578af0437d4536926d4d87dd420833a81ecb7631730ebe0969dc311d,ndlbedplllcgconngcnfmkadhokfaaln.crx,60
Malicious browser extension | Extension ID(s): hjcmoncnppobhjddaghaklfkepgaejog | Source: MaliciousBrowserExtensions,b5ee51102143fe08d597b8db00779206fe14b26beb107b371659503aa6a559ca,hjcmoncnppobhjddaghaklfkepgaejog.crx,60
Malicious browser extension | Extension ID(s): hioijncdgkhopehidnimbdealonncjbb | Source: MaliciousBrowserExtensions,b6215a43e35e02ae4fb08d97d0aee2881a9aece51a43bb4b10efbe3dff220fd0,hioijncdgkhopehidnimbdealonncjbb.crx,60
Malicious browser extension | Extension ID(s): nfcmnfjkkoiaojgiejjikhcohjefccll | Source: MaliciousBrowserExtensions,b6d03b82bf6ea9dc27fd1e9124cd431db1ce33159c6ba2edc1c82ca72f525f45,nfcmnfjkkoiaojgiejjikhcohjefccll.crx,60
Malicious browser extension | Extension ID(s): bfoofgelpmalhcmedaaeogahlmbkopfd | Source: MaliciousBrowserExtensions,b6e9b877a9d7391f4fd6a597f8b762f61b201010dc8f5fee6e518dfd69243177,bfoofgelpmalhcmedaaeogahlmbkopfd.crx,60
Malicious browser extension | Extension ID(s): nledalnomibdlfljakdcffgbpmkhjdfh | Source: MaliciousBrowserExtensions,b7758fce49188ef740a0d17161ab6e6da5d74bd3b0e34cd0eb67c28014c31214,nledalnomibdlfljakdcffgbpmkhjdfh.crx,60
Malicious browser extension | Extension ID(s): inicnjibhgoomjmdkddcmmnpamfhpghb | Source: MaliciousBrowserExtensions,b7a59db25850c7d6df9e12d83eafd58d3bed626f63899e51e8097d1c9f35815c,inicnjibhgoomjmdkddcmmnpamfhpghb.crx,60
Malicious browser extension | Extension ID(s): lkmnpfajdejfdbfjiaealafmogipbapk | Source: MaliciousBrowserExtensions,b7c2b98d6525858cf17732c0fd9a3e9dffb830839f1fb13f7688f9f4953a6650,lkmnpfajdejfdbfjiaealafmogipbapk.crx,60
Malicious browser extension | Extension ID(s): midiombanaceofjhodpdibeppmnamfcj | Source: MaliciousBrowserExtensions,b7fb2a99e723f737cfba2dcbf1007561f2745efe164baa07d538cd1a6b774702,midiombanaceofjhodpdibeppmnamfcj.crx,60
Malicious browser extension | Extension ID(s): oebcbpokjkoooddmcokcjjoijcgnjoic | Source: MaliciousBrowserExtensions,b8762e736848c35a6d61e17c3c6f332f8ff5d7edb219287e80180836ac16dad6,oebcbpokjkoooddmcokcjjoijcgnjoic.crx,60
Malicious browser extension | Extension ID(s): nmhgpefjpocdfcjenmecbnngbjbbcelp | Source: MaliciousBrowserExtensions,b87865800f1b0578343973f3a60da842497e303cc0b49b9de6fbc4f4caa4bfd6,nmhgpefjpocdfcjenmecbnngbjbbcelp.crx,60
Malicious browser extension | Extension ID(s): coplmfnphahpcknbchcehdikbdieognn | Source: MaliciousBrowserExtensions,b8d622bb76ab2ed68801fb2b6ad95f8bd4724a87e9fc8407c270c6988eb1b0be,coplmfnphahpcknbchcehdikbdieognn.crx,60
Malicious browser extension | Extension ID(s): nhdniddeikmpbapjcmcoaglhgepfmopb | Source: MaliciousBrowserExtensions,b9092331e4f764c6d68f9aa5d8b60800c0772e156d441b92e15ea17d78160087,nhdniddeikmpbapjcmcoaglhgepfmopb.crx,60
Malicious browser extension | Extension ID(s): dlaonnkmgmchbmlbngepgioejjmglape | Source: MaliciousBrowserExtensions,b90e805e094d41d364fa249cecc65953dec3f3ceedbdbb064d4fa182b40a8717,dlaonnkmgmchbmlbngepgioejjmglape.crx,60
Malicious browser extension | Extension ID(s): npgglgmhjabcncbhlpgblgbhajjabjcf | Source: MaliciousBrowserExtensions,b9298729f354eda290af805a11d58f249b2ff0fa80fbde8a33fdffc0a3b50877,npgglgmhjabcncbhlpgblgbhajjabjcf.crx,60
Malicious browser extension | Extension ID(s): jbcobpbfgkhmjfpjjepkcocalmpkiaop | Source: MaliciousBrowserExtensions,b941df8dce72654e5968428b943ae7db5a4fee96eda9b73e2677d78af59bbd5d,jbcobpbfgkhmjfpjjepkcocalmpkiaop.crx,60
Malicious browser extension | Extension ID(s): mfjnlfbefioeckkmmfahkgmhgneepgll | Source: MaliciousBrowserExtensions,b943c426ec84916204657b075a299833d51d7d9ff6d9f571170d582202df07cb,mfjnlfbefioeckkmmfahkgmhgneepgll.crx,60
Malicious browser extension | Extension ID(s): joklccphgbkamedfgoeidmlcgjpdnlgj | Source: MaliciousBrowserExtensions,b9826c9755dcc368d9acd1ce87ff2c6e95f444f1166bd5e6ea7fecd4b0e5195b,joklccphgbkamedfgoeidmlcgjpdnlgj.crx,60
Malicious browser extension | Extension ID(s): mdcfennpfgkngnibjbpnpaafcjnhcjno | Source: MaliciousBrowserExtensions,b9887ee2e10861f55f33670f88d30ec54b5de5b19c72b6b3da45a76c393e801b,mdcfennpfgkngnibjbpnpaafcjnhcjno.crx,60
Malicious browser extension | Extension ID(s): gkbfokaephnaajnmpgiieidpfieamggb | Source: MaliciousBrowserExtensions,b9b6b5eb1bd95b5310e67da54fee1fa2c3faf39f24c97c7db82acc7a625cc7ed,gkbfokaephnaajnmpgiieidpfieamggb.crx,60
Malicious browser extension | Extension ID(s): mkkolkbehgnknpmdcjbcgjpnmeegijim | Source: MaliciousBrowserExtensions,b9f53a0ecccaee676091ceeefb040090afb17b54339731f4c807b1ccaacd1622,mkkolkbehgnknpmdcjbcgjpnmeegijim.crx,60
Malicious browser extension | Extension ID(s): fkejoibgeglangndghmgghminjaheled | Source: MaliciousBrowserExtensions,b9fcf31ed33d29c4599cd454c4afd4dd6e4ce039e29673728a8c8fa8ae844cdc,fkejoibgeglangndghmgghminjaheled.crx,60
Malicious browser extension | Extension ID(s): ffejlioijcokmblckiijnjcmfidjppdn | Source: MaliciousBrowserExtensions,ba0b789801bf4d646565a7df28e6d4a34bb0e222c260a449b4d3958750f956a3,ffejlioijcokmblckiijnjcmfidjppdn.crx,60
Malicious browser extension | Extension ID(s): ninkfblhapgjffbmpmimemjicdghkdgg | Source: MaliciousBrowserExtensions,bada0137417d1fb70c2b6ebcbd94d0bcbafb5b6ba4a6126da8270d2dc4e34510,ninkfblhapgjffbmpmimemjicdghkdgg.crx,60
Malicious browser extension | Extension ID(s): okijglemboebajkjkfnkfkjldfeahflk | Source: MaliciousBrowserExtensions,bb5aaade7f61eb3cd87b3f12d9436b6015f5bdca1d1403a617f5714f723487e5,okijglemboebajkjkfnkfkjldfeahflk.crx,60
Malicious browser extension | Extension ID(s): bnchgibgpgmlickioneccggfobljmhjc | Source: MaliciousBrowserExtensions,bc13e1b324bd1edefd876218c2ec5cdec8ab552807f51cad82f88b0fbad2f927,bnchgibgpgmlickioneccggfobljmhjc.crx,60
Malicious browser extension | Extension ID(s): aoemlgniakbojcecmjefonjkgnceklpg | Source: MaliciousBrowserExtensions,bc37172e080f35bae47bb1767973ac47ec120c3b088d9064dcf6dc7807bc4d3f,aoemlgniakbojcecmjefonjkgnceklpg.crx,60
Malicious browser extension | Extension ID(s): lodlcpnbppgipaimgbjgniokjcnpiiad | Source: MaliciousBrowserExtensions,bc96e4f42226ce5f73e6ed359b30594ab2cd4d29f74e483f08e91ca91253ccd1,lodlcpnbppgipaimgbjgniokjcnpiiad.crx,60
Malicious browser extension | Extension ID(s): nodaaabgfmfoedakdmbjmoicocgnbokc | Source: MaliciousBrowserExtensions,bc9fa325c7384ed7a5762ecf1fc169a103da18a7054afb68853f271b50ba3b45,nodaaabgfmfoedakdmbjmoicocgnbokc.crx,60
Malicious browser extension | Extension ID(s): ojeaociifmdciibodcifjjocdlbjjeep | Source: MaliciousBrowserExtensions,bca5d2ce94d22750e81833d60e2ce6432103878769552b8d82048abe327d97d4,ojeaociifmdciibodcifjjocdlbjjeep.crx,60
Malicious browser extension | Extension ID(s): efhapddipneibbpcjogidfhbhhhlifdn | Source: MaliciousBrowserExtensions,bcacacec0f73ee8b690795fa9ce222792217ca5938bab0e7fdd6b22870a89954,efhapddipneibbpcjogidfhbhhhlifdn.crx,60
Malicious browser extension | Extension ID(s): haomlginkkjmocfonpiknfghoeomiojc | Source: MaliciousBrowserExtensions,bcaf1ecee94a65bd2474ff51a771ddb308feb25ce759dc17db4043fa5d9328c2,haomlginkkjmocfonpiknfghoeomiojc.crx,60
Malicious browser extension | Extension ID(s): hjcldbjnjeajfjnfakafbihnkcahipjd | Source: MaliciousBrowserExtensions,bcceba729b4e946c4059846aa378ad9d83db3ff690a72feb6a2828ee8481b2f5,hjcldbjnjeajfjnfakafbihnkcahipjd.crx,60
Malicious browser extension | Extension ID(s): nkggmkmcfgeagjpfenkhmpkgpefmdddi | Source: MaliciousBrowserExtensions,bce1ff6ed507400d8769979c0d71bf5e9d208cefec190449b81b71befe1c2360,nkggmkmcfgeagjpfenkhmpkgpefmdddi.crx,60
Malicious browser extension | Extension ID(s): imkepemaflommlonnppjobgdpokbfmoj | Source: MaliciousBrowserExtensions,bcf17f91b86728de5fd2a52804f856269dd956fbfa8ed69b8269fee76ecc04ee,imkepemaflommlonnppjobgdpokbfmoj.crx,60
Malicious browser extension | Extension ID(s): kfginhcclblahoolnpjkhgkmgfjbkcao | Source: MaliciousBrowserExtensions,bd3cf5474344af78c090df80d549b48abbba6120b44464f0cd3f2d0e8019e7cf,kfginhcclblahoolnpjkhgkmgfjbkcao.crx,60
Malicious browser extension | Extension ID(s): imkgekneolafjpdgcbdagelgfcdobmlp | Source: MaliciousBrowserExtensions,bdb8991aee90dfc46998bc44aa77dd613b2214df160a92d718e67600c86b2135,imkgekneolafjpdgcbdagelgfcdobmlp.crx,60
Malicious browser extension | Extension ID(s): mlndifgbehammhhbecgfcpbcbmnfhooe | Source: MaliciousBrowserExtensions,be10618f5738cab47343b7200740290ff87e797c7ce78b49a001151196789f6d,mlndifgbehammhhbecgfcpbcbmnfhooe.crx,60
Malicious browser extension | Extension ID(s): fogdlfdfpjlpmpmnmeepffaikefkacnc | Source: MaliciousBrowserExtensions,be17ba9591a49c70bc9a428320d2ac1a6b0dbd726968edff6dc715081fb6a766,fogdlfdfpjlpmpmnmeepffaikefkacnc.crx,60
Malicious browser extension | Extension ID(s): aemjnabgfabjlcojhbablmedhbnmpcgj | Source: MaliciousBrowserExtensions,be1aa0cf2e1c00cee7bcadf0a98bae7dc5adade7e353953346866af1c39865a7,aemjnabgfabjlcojhbablmedhbnmpcgj.crx,60
Malicious browser extension | Extension ID(s): loonegbofnbcimpgbhnhlmhgfaidodbf | Source: MaliciousBrowserExtensions,be3597e357a6af6070618c85eaff96da1806d17b50fdba69413b5f899287e0f7,loonegbofnbcimpgbhnhlmhgfaidodbf.crx,60
Malicious browser extension | Extension ID(s): koidiemmmedgpiokggpfilalabjoadmg | Source: MaliciousBrowserExtensions,be721d4592b82a5605f4ff53937c9194589b825181e60487b3d618d0ff4f7d1b,koidiemmmedgpiokggpfilalabjoadmg.crx,60
Malicious browser extension | Extension ID(s): pnpchphmplpdimbllknjoiopmfphellj | Source: MaliciousBrowserExtensions,bed8c7b87d29f397e6e49a5a08e98f654f8b9a7af065bfc1df6d775c2382fa49,pnpchphmplpdimbllknjoiopmfphellj.crx,60
Malicious browser extension | Extension ID(s): hlonjnobegeknhcnplaifmbgmbalneji | Source: MaliciousBrowserExtensions,beda097417cc52114ece837fd535ce174ed9913d79ae119aeff1fa912329170a,hlonjnobegeknhcnplaifmbgmbalneji.crx,60
Malicious browser extension | Extension ID(s): pfnpmpldgnnlfkgefcbkohhfiiacegea | Source: MaliciousBrowserExtensions,bf07946c4a04e878cbbf3dcc9e2e4e115aca2296ab680ec3f91ead682500e72c,pfnpmpldgnnlfkgefcbkohhfiiacegea.crx,60
Malicious browser extension | Extension ID(s): npabddfopfjjlhlimlaknekipghedpfk | Source: MaliciousBrowserExtensions,bf16a6d58a48470cdf459050e1762a247c25dfea7943a949312175208f5c0bda,npabddfopfjjlhlimlaknekipghedpfk.crx,60
Malicious browser extension | Extension ID(s): hghdgfijkoaenalonnlldjggmakkabfe | Source: MaliciousBrowserExtensions,bf28bc941fcf59813c5b2f95af74e4e58244b47f988eece23d724623193bbba1,hghdgfijkoaenalonnlldjggmakkabfe.crx,60
Malicious browser extension | Extension ID(s): elflhijmcekbfdjkabgphiepeclgmjgl | Source: MaliciousBrowserExtensions,bf2d286f581abcc7e87464b83806dd48b213fbab6af352eb77218c499384bce1,elflhijmcekbfdjkabgphiepeclgmjgl.crx,60
Malicious browser extension | Extension ID(s): eoklnfefipnjfeknpmigmogeeepddcch | Source: MaliciousBrowserExtensions,bfca267cab7132d6f8a67f9ef27b977cf1c2c9e6e259129772b2a25bd6be3bab,eoklnfefipnjfeknpmigmogeeepddcch.crx,60
Malicious browser extension | Extension ID(s): jocbfpcnadgeceidpapkoggmhkieeeeg | Source: MaliciousBrowserExtensions,c00124034a5c2fd8ef356393132c0a653bbee52a44330aaa940b07f3687f9052,jocbfpcnadgeceidpapkoggmhkieeeeg.crx,60
Malicious browser extension | Extension ID(s): ddhhghnfnfjppofkhcndimaeohofbanc | Source: MaliciousBrowserExtensions,c01c7d476516f36694992aef2e75ac10270ef8595b06d79e20dde58bb9663155,ddhhghnfnfjppofkhcndimaeohofbanc.crx,60
Malicious browser extension | Extension ID(s): boembakcfchlnhkfpjeolgpfpegmejmm | Source: MaliciousBrowserExtensions,c054697815a15e918c1b26aa4ab1ca68c7cb1f532792a47c67e4568e81d49073,boembakcfchlnhkfpjeolgpfpegmejmm.crx,60
Malicious browser extension | Extension ID(s): fdamefgbggbbpbplfcjhggmabomdmedh | Source: MaliciousBrowserExtensions,c06c480daf8e16251db278891d0717ddf0723400f4ef1e6039e04a2f1c19a3c3,fdamefgbggbbpbplfcjhggmabomdmedh.crx,60
Malicious browser extension | Extension ID(s): nabfdkbbclgbgegiahpobbmgahdjnida | Source: MaliciousBrowserExtensions,c08767396d1c3706c063bb610b99e05610e48909068f25f76c143c1e0e24db15,nabfdkbbclgbgegiahpobbmgahdjnida.crx,60
Malicious browser extension | Extension ID(s): bmidlejanhnaaopgiljgojghplnaeoaf | Source: MaliciousBrowserExtensions,c146c95524b6b67802aa1d88d619e44b69748b6876072ccb54049d56cc34c97a,bmidlejanhnaaopgiljgojghplnaeoaf.crx,60
Malicious browser extension | Extension ID(s): ohciibhlgjnckamdhelbjgggcdaifkbf | Source: MaliciousBrowserExtensions,c149acca8c1d4bfea994a432b04d8d10a3e86d39c765d16d99f12464dbd5094e,ohciibhlgjnckamdhelbjgggcdaifkbf.crx,60
Malicious browser extension | Extension ID(s): lnbmbgocenenhhhdojdielgnmeflbnfb | Source: MaliciousBrowserExtensions,c1ee97ec731e8e196addef87e6bf646c57be426689204b7b145992ac41d91b23,lnbmbgocenenhhhdojdielgnmeflbnfb.crx,60
Malicious browser extension | Extension ID(s): mjaifaojoefepojcljhdhibkpklfnbgo | Source: MaliciousBrowserExtensions,c252e5e5c0f089d078487e085f43644ddb103fef9c1079c123b4675197be99e3,mjaifaojoefepojcljhdhibkpklfnbgo.crx,60
Malicious browser extension | Extension ID(s): cnlabipcnjebmibdelcindmhkkchndpd | Source: MaliciousBrowserExtensions,c2e66c866b1142b1e91caa134a0d891f8a77b4c370e927f6db240b83707214d2,cnlabipcnjebmibdelcindmhkkchndpd.crx,60
Malicious browser extension | Extension ID(s): gelkonncfnniglodoncdmgcijikjdflg | Source: MaliciousBrowserExtensions,c313acda1447a1cf1538e029f576e34012cdcf07ea5fa0bcd1cd698888d6c528,gelkonncfnniglodoncdmgcijikjdflg.crx,60
Malicious browser extension | Extension ID(s): lpccdlpnagkhpglgcchidglcnoinhpji | Source: MaliciousBrowserExtensions,c476fcd05c5da07f35c40042b7bbd0a1714436fe371ea9950d7594f44f5166d6,lpccdlpnagkhpglgcchidglcnoinhpji.crx,60
Malicious browser extension | Extension ID(s): cepookalkohkjhbamenfbagblnmfcfmn | Source: MaliciousBrowserExtensions,c4971d373a360c30c5f3a03b74448fa4c61fb85fafd3150a1df5b9c429b30355,cepookalkohkjhbamenfbagblnmfcfmn.crx,60
Malicious browser extension | Extension ID(s): empmomhbifkbcfbodchbakclkinpibim | Source: MaliciousBrowserExtensions,c49afae35fa07dd2ba4404334f19fb47362a0819b033b485305808fcab6131d3,empmomhbifkbcfbodchbakclkinpibim.crx,60
Malicious browser extension | Extension ID(s): bfhmomelpcmpdjdeohpeemfgikbdoijl | Source: MaliciousBrowserExtensions,c5568cf101c3481a4bee119d2f28801c2e9409131032224bc3d3c0a95b75f7ac,bfhmomelpcmpdjdeohpeemfgikbdoijl.crx,60
Malicious browser extension | Extension ID(s): lffiompnfgklemcbinkmogbjeiaifehb | Source: MaliciousBrowserExtensions,c5761c94fd5e505fd4ba4f4661722636327cd4afbbda9a9679ef4dac7d9c1d32,lffiompnfgklemcbinkmogbjeiaifehb.crx,60
Malicious browser extension | Extension ID(s): ocflhkadmmnlbieoiiekfcdcmjcfeahe | Source: MaliciousBrowserExtensions,c59b202a2aff2378b24951b1af84e5fcd510c8c1dd8e2f78613618bc927f1b5a,ocflhkadmmnlbieoiiekfcdcmjcfeahe.crx,60
Malicious browser extension | Extension ID(s): kfdopiiledmclnopmihkclnfgdiggjna | Source: MaliciousBrowserExtensions,c5e0930b9fa9204db8c20365c826b1cc59c3378b2fccbb407e87a3e814f7e543,kfdopiiledmclnopmihkclnfgdiggjna.crx,60
Malicious browser extension | Extension ID(s): feflcgofneboehfdeebcfglbodaceghj | Source: MaliciousBrowserExtensions,c651643690337dbedef92d633bd22b36d8532f11d0348fe37bf260bef3e1e402,feflcgofneboehfdeebcfglbodaceghj.crx,60
Malicious browser extension | Extension ID(s): oeiomhmbaapihbilkfkhmlajkeegnjhe | Source: MaliciousBrowserExtensions,c71203a2cba74df85060d4e7d14ffe2a06023cc6000093e06bb0ca07e639d950,oeiomhmbaapihbilkfkhmlajkeegnjhe.crx,60
Malicious browser extension | Extension ID(s): jpmhndngfnbfdpgdbombckddiflphpao | Source: MaliciousBrowserExtensions,c71c1586aaffff159667fda4d06e22b0038da8e971501ebb489b9ed805732257,jpmhndngfnbfdpgdbombckddiflphpao.crx,60
Malicious browser extension | Extension ID(s): nbeelbioffbjkkgapjdpfcckiannldej | Source: MaliciousBrowserExtensions,c7b6908bd654abd1631e24b80bffeae64a9fcf7fa2b22afd279b4e8f8cc5fceb,nbeelbioffbjkkgapjdpfcckiannldej.crx,60
Malicious browser extension | Extension ID(s): eppiocemhmnlbhjplcgkofciiegomcon | Source: MaliciousBrowserExtensions,c7c6b5417d2eca0ee2d5ae414bf5a4c3d07177d199c4881162acf437c05085b6,eppiocemhmnlbhjplcgkofciiegomcon.crx,60
Malicious browser extension | Extension ID(s): bejjplkelkkcpnaaicfpdenfpcpbpnod | Source: MaliciousBrowserExtensions,c811d4774c316f1046646388cbf2a4a14c34350c7f7ed8ba7778bd1a9cbf66cc,bejjplkelkkcpnaaicfpdenfpcpbpnod.crx,60
Malicious browser extension | Extension ID(s): alllblhkgghelnejlggmmgjbkdabidie | Source: MaliciousBrowserExtensions,c8349309bffdbb796359eb6e6214d05e0d47e7faff7ccc965fc2d7037811810f,alllblhkgghelnejlggmmgjbkdabidie.crx,60
Malicious browser extension | Extension ID(s): bjpgehkaonlndnoohmlelkjlchccdigb | Source: MaliciousBrowserExtensions,c8403cd3575da943bad96f012493aa0c1169bde981b3adf39da8c758e6df5cbe,bjpgehkaonlndnoohmlelkjlchccdigb.crx,60
Malicious browser extension | Extension ID(s): odmonkfcgpfigghfgnngaeibckgjbjce | Source: MaliciousBrowserExtensions,c844c40bbfd22ac8d422c2bf66f800b43d61deb8d0987ed53fc0c33333d571c4,odmonkfcgpfigghfgnngaeibckgjbjce.crx,60
Malicious browser extension | Extension ID(s): cnnafooohihkcoenaemoplnapabpmaak | Source: MaliciousBrowserExtensions,c8563348007ba5024d17a9b5d74b9ce5c126afc02b77c0e3d9fe2bd9590cb5a6,cnnafooohihkcoenaemoplnapabpmaak.crx,60
Malicious browser extension | Extension ID(s): fmajpchoiahphjiligpmghnhmabolhoh | Source: MaliciousBrowserExtensions,c91615d845ef8e65d7036b468d6073aa2554f0b9f33250fb4f820d81209c653b,fmajpchoiahphjiligpmghnhmabolhoh.crx,60
Malicious browser extension | Extension ID(s): giojogndbceodalhnddnebbkamhfenon | Source: MaliciousBrowserExtensions,c953fae306a7bddac88910ee56a242bf61b3a72a118a1e3a258ab1b46ea05231,giojogndbceodalhnddnebbkamhfenon.crx,60
Malicious browser extension | Extension ID(s): chphemgbhggblnggogackapgdnifnjco | Source: MaliciousBrowserExtensions,c97817324d36983983e6d07de868447a1cdb65bdba5f76ef1b12235ef40855ce,chphemgbhggblnggogackapgdnifnjco.crx,60
Malicious browser extension | Extension ID(s): emihdfbdahahdhgpkodehgpngmeajldp | Source: MaliciousBrowserExtensions,c9dd9ffa925cc92e0b59e9569142536401cc5e0ac7086ab44298108d2620960a,emihdfbdahahdhgpkodehgpngmeajldp.crx,60
Malicious browser extension | Extension ID(s): ejpngffggkahecooncogchbchpngfokj | Source: MaliciousBrowserExtensions,ca2f90254190b1712296265bbd13d96a0b77d10041f89c05ba3c7310c54f7b5f,ejpngffggkahecooncogchbchpngfokj.crx,60
Malicious browser extension | Extension ID(s): kfodnmcfkeekobieebijkjclpbdeenjp | Source: MaliciousBrowserExtensions,ca96758a6578d6bb5780e60b51fb4c9c46c30dae45aeb95e09bc53bf425aa147,kfodnmcfkeekobieebijkjclpbdeenjp.crx,60
Malicious browser extension | Extension ID(s): oeefjlikahigmlnplgijgeeecbpemhip | Source: MaliciousBrowserExtensions,cada8dcc9d26d684e1bfa30b1f09b2b0b034dd4716a38736ae93ed0c4c68e01f,oeefjlikahigmlnplgijgeeecbpemhip.crx,60
Malicious browser extension | Extension ID(s): imbkobcmkpefeijlpgejkpnfgbjmlaoo | Source: MaliciousBrowserExtensions,cb13b299e5581517510b009d1547ffa2b7aed164c901d49810ca975a985a0737,imbkobcmkpefeijlpgejkpnfgbjmlaoo.crx,60
Malicious browser extension | Extension ID(s): alhilbblgdfkklanmfkbjmhapagpneng | Source: MaliciousBrowserExtensions,cb50a689e28a7c5fdd1ba5ea10438e7f9b458f662a0c9bd54f6644ec76953abb,alhilbblgdfkklanmfkbjmhapagpneng.crx,60
Malicious browser extension | Extension ID(s): dkdnckncggmlaokepcnaobhflpbadame | Source: MaliciousBrowserExtensions,cbcc7421872d4f277fbbf3cfaba098963ccd0198908129071468d2c445415926,dkdnckncggmlaokepcnaobhflpbadame.crx,60
Malicious browser extension | Extension ID(s): gecgngeaifpeokmajbhcmdahkkfhpgic | Source: MaliciousBrowserExtensions,cbf66605c1450487936aed01d38907ddadc16f3908249a1dea54096b0fef86ec,gecgngeaifpeokmajbhcmdahkkfhpgic.crx,60
Malicious browser extension | Extension ID(s): bbjdlbemjklojnbifkgameepcafflmem | Source: MaliciousBrowserExtensions,cc65e4c1a183c3ddc1a3185094cbb44e02a003b8b22ffbf2cecc0e959844e4ae,bbjdlbemjklojnbifkgameepcafflmem.crx,60
Malicious browser extension | Extension ID(s): oilnfanklnlkllifgedkeeefcfenenpf | Source: MaliciousBrowserExtensions,cccfd49cd62c699d5fcb3dd428906b31e22ae139197609bf7c41ca3b124e2f8b,oilnfanklnlkllifgedkeeefcfenenpf.crx,60
Malicious browser extension | Extension ID(s): ojgfehdbhgbicajidmgiidpceockbbpn | Source: MaliciousBrowserExtensions,cd610977e3c01266a58e09c22bb96736947b5898735e61ff696c7ecbac2eef16,ojgfehdbhgbicajidmgiidpceockbbpn.crx,60
Malicious browser extension | Extension ID(s): mkkfklcadlnkhgapjeejemflhamcdjld | Source: MaliciousBrowserExtensions,cdae573ab468b24c28a42d6078daf2da1a4b4c5657a4146ad966e2fe8340cb49,mkkfklcadlnkhgapjeejemflhamcdjld.crx,60
Malicious browser extension | Extension ID(s): nbnhggmmgochbcphpjjbahngkpnelcic | Source: MaliciousBrowserExtensions,ce670dffa3705a51e55b9bbba0facd83f1b736e015034342c841358229835b89,nbnhggmmgochbcphpjjbahngkpnelcic.crx,60
Malicious browser extension | Extension ID(s): oekjbffiagclhfkpphmcheihchifblhp | Source: MaliciousBrowserExtensions,ce7c6e902611e38211ac414b547646df6f52e5b9be0497701cc97f1de32ad5e1,oekjbffiagclhfkpphmcheihchifblhp.crx,60
Malicious browser extension | Extension ID(s): hpkfkbmcphnigepfjmapkdaedglohgjg | Source: MaliciousBrowserExtensions,ce8183cf16906d936e662391f26758eadd46a78dabfa1403671935bda6a00072,hpkfkbmcphnigepfjmapkdaedglohgjg.crx,60
Malicious browser extension | Extension ID(s): gkojbiedppcceclalkijhfbmobckhpea | Source: MaliciousBrowserExtensions,ce8e1f1ddc80718d04af11932680c8fafcdb286e067be9ace220a82d1c8fbf17,gkojbiedppcceclalkijhfbmobckhpea.crx,60
Malicious browser extension | Extension ID(s): eaelfbmpnoaiefdgejnhblfhihagcbmo | Source: MaliciousBrowserExtensions,ceac540502facc22824a92f3081388801ff606f783b7b32062eeb27b2f601aa4,eaelfbmpnoaiefdgejnhblfhihagcbmo.crx,60
Malicious browser extension | Extension ID(s): pomcnpapjbiblifjdekoogkognehkipp | Source: MaliciousBrowserExtensions,cecdfbc8eb5de2f571e1a4316b9ae9ebaa5ee8b819601c8e032c9278dd5eacdd,pomcnpapjbiblifjdekoogkognehkipp.crx,60
Malicious browser extension | Extension ID(s): iibaohbndjbhmoahmcdaeegolenbnenc | Source: MaliciousBrowserExtensions,ced0dbd56a083942843a6e1b191d6c45c59e3ff548bc473d7471ef82b2ee339d,iibaohbndjbhmoahmcdaeegolenbnenc.crx,60
Malicious browser extension | Extension ID(s): nigamacoibifjohkmepefofohfedblgg | Source: MaliciousBrowserExtensions,cedb487e40adbefa8bc8462c0b63ce96ef75156b7055c776cd94ee62a101495a,nigamacoibifjohkmepefofohfedblgg.crx,60
Malicious browser extension | Extension ID(s): fdgndkeabepnjiohbabfnchdkikaeoik | Source: MaliciousBrowserExtensions,cf4d2c628980ebde218c341da10b78d3a7a9cde93484ca1228d1e5319ee34244,fdgndkeabepnjiohbabfnchdkikaeoik.crx,60
Malicious browser extension | Extension ID(s): aofddmgnidinflambjlfkpboeamdldbd | Source: MaliciousBrowserExtensions,cf7c10204690a8a859c31306fe75d5ca42dad6e0b51bee840595ee0a57d57365,aofddmgnidinflambjlfkpboeamdldbd.crx,60
Malicious browser extension | Extension ID(s): kbokjhkoeadabeccjgohejbipkggopbo | Source: MaliciousBrowserExtensions,cf8748487f4be801aababc0e886e62f159506e3374016da9a9bd406376e9f99a,kbokjhkoeadabeccjgohejbipkggopbo.crx,60
Malicious browser extension | Extension ID(s): iagkmpcgnlcdabaheobkeffadmffoolm | Source: MaliciousBrowserExtensions,cf917295e39746ae3fcfa7abca6a33b7a800ef45a435a8b3a2be12cb3c784f84,iagkmpcgnlcdabaheobkeffadmffoolm.crx,60
Malicious browser extension | Extension ID(s): njggjookikiachbndaocbijjpddcijkf | Source: MaliciousBrowserExtensions,cfef7543532750dcc5a918374fbc3b6dda7563635ed4684d2183976b044b800d,njggjookikiachbndaocbijjpddcijkf.crx,60
Malicious browser extension | Extension ID(s): lgakkahjfibfgmacigibnhcgepajgfdb | Source: MaliciousBrowserExtensions,d02e6c4d1eb5e8029b3ec336686acc1ffa3ca2cdae5db09e20df1759b93b4d25,lgakkahjfibfgmacigibnhcgepajgfdb.crx,60
Malicious browser extension | Extension ID(s): cdlbcpjfhjedjajilmpknbmodmfocljm | Source: MaliciousBrowserExtensions,d062fd65344cb61973f55be5d22b64f7a6a59442f376620dc458e8b1989356f1,cdlbcpjfhjedjajilmpknbmodmfocljm.crx,60
Malicious browser extension | Extension ID(s): nmcnfhmlonpkabmmoepefcokljhelkoe | Source: MaliciousBrowserExtensions,d0699aaac8980269f9f20847b978fe938988b0465f59bc10f0380286ed64f823,nmcnfhmlonpkabmmoepefcokljhelkoe.crx,60
Malicious browser extension | Extension ID(s): gnaekhndaddbimfllbgmecjijbbfpabc | Source: MaliciousBrowserExtensions,d06b115cba9f07a8c82bc539b037f55558f61b2f2a31af32692fe1dafd6b9a35,gnaekhndaddbimfllbgmecjijbbfpabc.crx,60
Malicious browser extension | Extension ID(s): aalfhjflaokihbediiadmohipjlpbjpg | Source: MaliciousBrowserExtensions,d0a9923b0f70c7041df22bea9e48d6b0e06cf114c7ce5230d82522070ec54b53,aalfhjflaokihbediiadmohipjlpbjpg.crx,60
Malicious browser extension | Extension ID(s): dbjeemabemccjbbemlnljmpmaadhohho | Source: MaliciousBrowserExtensions,d0e645d2572dffd9ee8713222d2bd5bbdf775ab6641c10bd264f77b13477aee5,dbjeemabemccjbbemlnljmpmaadhohho.crx,60
Malicious browser extension | Extension ID(s): famoeaahdjkggighmjpagpjmcmbinkia | Source: MaliciousBrowserExtensions,d0f9f8a63f0495aac440eeda15015cd06c314f6b906a86e715758873fed32b0e,famoeaahdjkggighmjpagpjmcmbinkia.crx,60
Malicious browser extension | Extension ID(s): kdgjiakonpbfmndaacfhamdoangincgp | Source: MaliciousBrowserExtensions,d18e4b2a9b08685c74b39678b7dbd793740b25ab7abe6431c28ccab51b818f4b,kdgjiakonpbfmndaacfhamdoangincgp.crx,60
Malicious browser extension | Extension ID(s): bjoddpbfndnpeohkmpbjfhcppkhgobcg | Source: MaliciousBrowserExtensions,d2115b9b104928330b427ca4858ddeff473e56349eb9358427a83a13209b99c9,bjoddpbfndnpeohkmpbjfhcppkhgobcg.crx,60
"Malicious browser extension | Extension ID(s): dgeiaiglmhdhajbpfbmajaajdlfdinpi, fpeabamapgecnidibdmjoepaiehokgda, hmkcidjcpomiegnklmplkimmbcbklglb, jhhjbaicgmecddbaobeobkikgmfffaeg | Source: MaliciousBrowserExtensions",d227adba65702041be72684d77bafb77e203c04a2a7cf355f772a11a478efe6c,dgeiaiglmhdhajbpfbmajaajdlfdinpi.crx,60
Malicious browser extension | Extension ID(s): iedbphhbpflhgpihkcceocomcdnemcbj | Source: MaliciousBrowserExtensions,d2a575939aca694a2a8bd7a485283ab0e7229815d8b228681cad1fb69af1ba2f,iedbphhbpflhgpihkcceocomcdnemcbj.crx,60
Malicious browser extension | Extension ID(s): boomffhhbgombjkbeakkdjiphjkillpb | Source: MaliciousBrowserExtensions,d3199a943b628144fd127cf005ea967f450d2185ab007ab28d2b37d622450c72,boomffhhbgombjkbeakkdjiphjkillpb.crx,60
Malicious browser extension | Extension ID(s): bipegidgofcllkbegbgeeoeodlglohof | Source: MaliciousBrowserExtensions,d3a8df1aac88a46922f9db7428c150e3320f07f2b0c54ed82c5558c0e19ad30a,bipegidgofcllkbegbgeeoeodlglohof.crx,60
Malicious browser extension | Extension ID(s): onapalbennofmmiojkillockmddkablp | Source: MaliciousBrowserExtensions,d40c8b1f45c8b581630e6a33832257025b1e931dc8ec001d5d30c70631e9f767,onapalbennofmmiojkillockmddkablp.crx,60
Malicious browser extension | Extension ID(s): pfanfinmoljafbhjbjdebbdnjmfmiimd | Source: MaliciousBrowserExtensions,d441c23c80bd36eaf7897b7f9284bc15577a7a97e9ebcd37ba1cca30b779d460,pfanfinmoljafbhjbjdebbdnjmfmiimd.crx,60
Malicious browser extension | Extension ID(s): klgebnlgcgpinhblnheofececjjaaofd | Source: MaliciousBrowserExtensions,d46eedbfce64d1cab37d95dc177bd8c9212e33e1c6ea054d9684f457ac6a4062,klgebnlgcgpinhblnheofececjjaaofd.crx,60
Malicious browser extension | Extension ID(s): eheagnmidghfknkcaehacggccfiidhik | Source: MaliciousBrowserExtensions,d4b84bc071a8850e2c638942467c9c5fa5b962f08f187b3e2c1fbd3183f0aa17,eheagnmidghfknkcaehacggccfiidhik.crx,60
Malicious browser extension | Extension ID(s): phhddamodjfancgfhllllmieebbjjhpk | Source: MaliciousBrowserExtensions,d51f68ec6a7305b433aa7789f99cc4910c487dafda0405797aef83897a3631a5,phhddamodjfancgfhllllmieebbjjhpk.crx,60
Malicious browser extension | Extension ID(s): dmadpoocbhhfaeefeblecpaielloalme | Source: MaliciousBrowserExtensions,d559fa08461bcc43c2552f403272e02112682eccd73af49cf80aabe7d45cf1cb,dmadpoocbhhfaeefeblecpaielloalme.crx,60
Malicious browser extension | Extension ID(s): dmpmpkfbhilmjgbknadklnflbbbfocmi | Source: MaliciousBrowserExtensions,d57c9f50243e4121b810aaca7d518befa8357d1e83d1f5c704de0209fc4d54ff,dmpmpkfbhilmjgbknadklnflbbbfocmi.crx,60
Malicious browser extension | Extension ID(s): ljpapggfdnpbagfbfnlolopaiknkbbmb | Source: MaliciousBrowserExtensions,d5ab94bf8ed377ea16b498e018941976d74d7dbfc2351b2c4e708138ecc8b4fb,ljpapggfdnpbagfbfnlolopaiknkbbmb.crx,60
Malicious browser extension | Extension ID(s): annffnminbfjdifcgbadjdgcaglpiemj | Source: MaliciousBrowserExtensions,d6725cc36e017901e4c6cbc53f4c364f1307dca611d71959eb99d714a6c8364f,annffnminbfjdifcgbadjdgcaglpiemj.crx,60
Malicious browser extension | Extension ID(s): lbbnpjbbepimfemibkhddfklekaipjli | Source: MaliciousBrowserExtensions,d673da62f50193853cf060feaf8bb4ec8c3c4be6c93bf173884ba9f0c2dea279,lbbnpjbbepimfemibkhddfklekaipjli.crx,60
Malicious browser extension | Extension ID(s): apnlidgccohighgjjikmalpccgombonl | Source: MaliciousBrowserExtensions,d6879a69ad413160c8ab34f98593cece3c449191eef07f4baf4514c82941af75,apnlidgccohighgjjikmalpccgombonl.crx,60
Malicious browser extension | Extension ID(s): nkpdoonhinmfijbgjhhehhoojicoagdi | Source: MaliciousBrowserExtensions,d6a740397fc3fd681a2752efb4d02a6f6e847ebd588d251b0dbb93a697a653ed,nkpdoonhinmfijbgjhhehhoojicoagdi.crx,60
Malicious browser extension | Extension ID(s): apdfllckaahabafndbhieahigkjlhalf | Source: MaliciousBrowserExtensions,d7089602fa181dfd161165dc1bb34271e7481f88ee2ca06230da2a2269a68c80,apdfllckaahabafndbhieahigkjlhalf.crx,60
Malicious browser extension | Extension ID(s): ijidomgpacjmolpdobebnkocnogkphpp | Source: MaliciousBrowserExtensions,d7983370cb25173814bffc5b68f55fc7b505a6277e400234180ed88e72a8b141,ijidomgpacjmolpdobebnkocnogkphpp.crx,60
Malicious browser extension | Extension ID(s): okkofhfjhogmdagdpokjcfclbgeobhmk | Source: MaliciousBrowserExtensions,d7eb42fdfcbee91114356ae9f7b1f2de23d983525f90290165283a6a99f41a15,okkofhfjhogmdagdpokjcfclbgeobhmk.crx,60
Malicious browser extension | Extension ID(s): jcnjcmfpmcdhkhloilpalealdbofanko | Source: MaliciousBrowserExtensions,d83e11ca6163579f0101a9acae83c882ad7db62ac0d7423f89d900bb691aa5a9,jcnjcmfpmcdhkhloilpalealdbofanko.crx,60
Malicious browser extension | Extension ID(s): ihbmgokcocjiihdmjkeblefcpbgeefkk | Source: MaliciousBrowserExtensions,d86c9cebdce4017cf4ed508814c16427c6b5c41772ad55602e60adae2fc0baea,ihbmgokcocjiihdmjkeblefcpbgeefkk.crx,60
Malicious browser extension | Extension ID(s): pcolhdbpdenlnpdhbcodnfebjkbgidaf | Source: MaliciousBrowserExtensions,d88a223ca095bb8ffd5192e28e918e1671aa5e781ce48daedb3a9ff66f689bad,pcolhdbpdenlnpdhbcodnfebjkbgidaf.crx,60
Malicious browser extension | Extension ID(s): nlllgkfjdekpcibpgakffbdlgbbbfnkl | Source: MaliciousBrowserExtensions,d899072296d1827ac0502209a8211a4c70ab77f9d3cc9aa086ba2cfb8ceb2971,nlllgkfjdekpcibpgakffbdlgbbbfnkl.crx,60
Malicious browser extension | Extension ID(s): lappfnpdgnphiodelgopbncadpoldica | Source: MaliciousBrowserExtensions,d8a4c312619969612793964f949da00f2eef1727d7745fe4731d915c7cc055ac,lappfnpdgnphiodelgopbncadpoldica.crx,60
Malicious browser extension | Extension ID(s): fecohheohodkgmdmdpiocogboienindc | Source: MaliciousBrowserExtensions,d8c2dc7851a2d7a2d0fa78182d22e88b2b8ea45ad184cc797b68a10a12920877,fecohheohodkgmdmdpiocogboienindc.crx,60
Malicious browser extension | Extension ID(s): oemjchklfcneghomigfkdeoleglhgocp | Source: MaliciousBrowserExtensions,d97e733a5d67758f8ff1c9347721caa61dcf8d2df43a144d8c39e945e754d787,oemjchklfcneghomigfkdeoleglhgocp.crx,60
Malicious browser extension | Extension ID(s): hneachchlcnnfkhdiepdpoojodpjlanp | Source: MaliciousBrowserExtensions,da42b3c5259609684b5c8875b9db1f78497e2041f2ef78bc7526b33d0e978dfb,hneachchlcnnfkhdiepdpoojodpjlanp.crx,60
Malicious browser extension | Extension ID(s): bndkfmmbidllaiccmpnbdonijmicaafn | Source: MaliciousBrowserExtensions,da8769c43f325f74b4f85bfa0bc5d060de147767f8ef80094e5e65a9407d4e37,bndkfmmbidllaiccmpnbdonijmicaafn.crx,60
"Malicious browser extension | Extension ID(s): adiolfenpimdeonhngpkbjbjjcopdfdp, clddibaehbcaahnmhnjbnbkccbmghago | Source: MaliciousBrowserExtensions",dabc92711bffe300a50073add3fc50d9bad6942460a584c8ce78729a0e0a95e6,adiolfenpimdeonhngpkbjbjjcopdfdp.crx,60
Malicious browser extension | Extension ID(s): pkebmfenadkbamndhkmfliminhmhhgnf | Source: MaliciousBrowserExtensions,dad815c902449c7700acba5ae2dd7575896123166a15968c287f37fec3df4645,pkebmfenadkbamndhkmfliminhmhhgnf.crx,60
Malicious browser extension | Extension ID(s): nabbdpjneieneepdfnmkdhooellilgho | Source: MaliciousBrowserExtensions,db279ba9bfb5c6e3cb8c219af59d832f960a3a6b27414d194c54ca5473bc5ee7,nabbdpjneieneepdfnmkdhooellilgho.crx,60
Malicious browser extension | Extension ID(s): ommmigkmgbilkbggodbipeffbjdbcook | Source: MaliciousBrowserExtensions,db53072dd4ca64914c634825d8aa3ef4abcfbd614c496eae231dca107f851fff,ommmigkmgbilkbggodbipeffbjdbcook.crx,60
Malicious browser extension | Extension ID(s): nibfakjomhepipjboakgjnnddeeeebeh | Source: MaliciousBrowserExtensions,dbbfc8cbb7afa6ae34996fa5a852469e4b674d5e361946509762b7123efb8cab,nibfakjomhepipjboakgjnnddeeeebeh.crx,60
Malicious browser extension | Extension ID(s): jmopjanoebpdbopigcbpjhiigmjolikk | Source: MaliciousBrowserExtensions,dcb92ac26452679593c02a68ceac3552ce6d618e3ffdeb39952a2897602cd94f,jmopjanoebpdbopigcbpjhiigmjolikk.crx,60
Malicious browser extension | Extension ID(s): kgjjaibkhlddbmmnhndcnpoimeidlgba | Source: MaliciousBrowserExtensions,dcd028f40c79e7b9605b81fd75f25a2146ed87d7b1578f49bfe85b41ee506ef6,kgjjaibkhlddbmmnhndcnpoimeidlgba.crx,60
Malicious browser extension | Extension ID(s): bfjcdcgfehgbbaenfojebonnlfichjnk | Source: MaliciousBrowserExtensions,dd1455b86a9eae601440c1859d9d452616559baca911c27d35d318f474a005e2,bfjcdcgfehgbbaenfojebonnlfichjnk.crx,60
Malicious browser extension | Extension ID(s): cmoljkcobacohfilkhbpclpgebcnpdcl | Source: MaliciousBrowserExtensions,dd39525c099ccdb41d65bf3a861e432b44605d7545768826f839454cfbe0cddb,cmoljkcobacohfilkhbpclpgebcnpdcl.crx,60
Malicious browser extension | Extension ID(s): bngahmjkkbiebggdghdlbjaedhmcblpm | Source: MaliciousBrowserExtensions,dd5d6cb6b291594ca4c75a28668b5367dd0ef783629b0861fc9138256e60ca66,bngahmjkkbiebggdghdlbjaedhmcblpm.crx,60
Malicious browser extension | Extension ID(s): mipkffkddlldacbaljecppmjbejccnli | Source: MaliciousBrowserExtensions,deb07532a7d206a7c5250ba7409766b09c973306b4ece8f809e8fc0d21ac1a15,mipkffkddlldacbaljecppmjbejccnli.crx,60
Malicious browser extension | Extension ID(s): dfbnmnokochbcifabpndhfelgobckenh | Source: MaliciousBrowserExtensions,deda5f051f2840c217c83b7a761782e89c70a8f771810dd73bf2643eae781127,dfbnmnokochbcifabpndhfelgobckenh.crx,60
Malicious browser extension | Extension ID(s): eaidghdeobijblnliakpildffnjdckmd | Source: MaliciousBrowserExtensions,df286e4c07c6b90b61527fe41500e91ce2eed6c0b62d48e2aec4fc2d106322e5,eaidghdeobijblnliakpildffnjdckmd.crx,60
Malicious browser extension | Extension ID(s): dpggmcodlahmljkhlmpgpdcffdaoccni | Source: MaliciousBrowserExtensions,df510feba4e9a578f49643c71376d14f501c8f9e3d4139100d07b3e5305db676,dpggmcodlahmljkhlmpgpdcffdaoccni.crx,60
Malicious browser extension | Extension ID(s): mjaohgnbjbllcofbefddknibhiciblen | Source: MaliciousBrowserExtensions,df7886b714890b24565687f35d4f0587943cfb12d84633c74fe2d4b5bc52f2d1,mjaohgnbjbllcofbefddknibhiciblen.crx,60
Malicious browser extension | Extension ID(s): ofifhmaojnmphodmgkipjpjedgnhkbhl | Source: MaliciousBrowserExtensions,dfb4cdcb6f98922ff8a794a35ec036a8ba9d7b4c806f1067cc7486bbfd82daef,ofifhmaojnmphodmgkipjpjedgnhkbhl.crx,60
Malicious browser extension | Extension ID(s): cehdkmmfadpplgchnbjgdngdcjmhlfcc | Source: MaliciousBrowserExtensions,dfc8cabe30808cadff531d2f0bbcbd52f0c92f828cca5d87a2c533eb965fdd83,cehdkmmfadpplgchnbjgdngdcjmhlfcc.crx,60
Malicious browser extension | Extension ID(s): bdcimkinofohfmldheklgfbjkfehfdhl | Source: MaliciousBrowserExtensions,e07a83258368cb8ac9458d26370eee6c198fd5c516a2c404962fb0f854428685,bdcimkinofohfmldheklgfbjkfehfdhl.crx,60
Malicious browser extension | Extension ID(s): pmmneeeipikleggeclkinacjcjnegfbm | Source: MaliciousBrowserExtensions,e08ecbd9ca3fd7cf827182a3b6c21d2a320254b860dcae2cdc43870d75504208,pmmneeeipikleggeclkinacjcjnegfbm.crx,60
Malicious browser extension | Extension ID(s): mdondgockboebafloibbhjofmoedmnnn | Source: MaliciousBrowserExtensions,e0b813e48bf35957a23fae38d313a8aa2955d9cd7347154c6ce5e6b6243b44fb,mdondgockboebafloibbhjofmoedmnnn.crx,60
Malicious browser extension | Extension ID(s): ilicobgjklfepgokldofhpdolhkminom | Source: MaliciousBrowserExtensions,e11620f060681c0fa15fd5602ece9ebe257125de4cd3c91006409fadfb417f06,ilicobgjklfepgokldofhpdolhkminom.crx,60
Malicious browser extension | Extension ID(s): eojakckjemdnoffmlfnonhfkmmkigpdj | Source: MaliciousBrowserExtensions,e16c4d9542dfbda94b6c7f68c6063dcffe32ab3b96c94afe12feff68dc6ff316,eojakckjemdnoffmlfnonhfkmmkigpdj.crx,60
Malicious browser extension | Extension ID(s): eoolgeaiphoeoeldlmcholcdgdkldoem | Source: MaliciousBrowserExtensions,e1c1a6a4c045b3c5e13af2899f6ae0aa3efc3789d179703e086b539c81617783,eoolgeaiphoeoeldlmcholcdgdkldoem.crx,60
Malicious browser extension | Extension ID(s): nmnbdhlcjapghglbagbagmideiggpnfi | Source: MaliciousBrowserExtensions,e1cc9b15cf9911adc587a202489b0634965bfba9c78237806ff8f767beeb14f2,nmnbdhlcjapghglbagbagmideiggpnfi.crx,60
Malicious browser extension | Extension ID(s): emkbmmhneldhbgpkaomgjjohdcfeapbj | Source: MaliciousBrowserExtensions,e27d13f71e6bf62e189888f221f12837ee7f791e7bbc70d129edbfc25c23586e,emkbmmhneldhbgpkaomgjjohdcfeapbj.crx,60
Malicious browser extension | Extension ID(s): llaficoajjainaijghjlofdfmbjpebpa | Source: MaliciousBrowserExtensions,e2a1555ae97e393103940dffa61d55b7d4737c2c35d3fb635b6e112dfccec7ee,llaficoajjainaijghjlofdfmbjpebpa.crx,60
Malicious browser extension | Extension ID(s): kkmkaknfcdcpjfjlmfhbpeoijikfoneh | Source: MaliciousBrowserExtensions,e2ba2733a39c55142942723a9fea4c126d1060d5295e3cedf7dc246444ab4136,kkmkaknfcdcpjfjlmfhbpeoijikfoneh.crx,60
Malicious browser extension | Extension ID(s): hkknofgppcaphiolocpkdljneopbmccf | Source: MaliciousBrowserExtensions,e37e177f7403e866c79425632ea10064739e9d34528e74dd2d9059c379ac012c,hkknofgppcaphiolocpkdljneopbmccf.crx,60
Malicious browser extension | Extension ID(s): ioncbpcgiobadmnelbcpgpjphenddfoa | Source: MaliciousBrowserExtensions,e3a7d9769fc03e1325bb151134f9ec0bd92f6e32aca1c4966dba90ae00621e6f,ioncbpcgiobadmnelbcpgpjphenddfoa.crx,60
Malicious browser extension | Extension ID(s): gddonialdhbldcdbnbloangmjnpcnhhd | Source: MaliciousBrowserExtensions,e3d530b11c867b207463f2e816a839f11fd809354a0c2989c92176518b7cb606,gddonialdhbldcdbnbloangmjnpcnhhd.crx,60
Malicious browser extension | Extension ID(s): nomekamioepglinefhenifnbegjhfiai | Source: MaliciousBrowserExtensions,e3e9bd93f59c4d04644130294a2cf8592e8b1e75780b1aa9702035c56e220109,nomekamioepglinefhenifnbegjhfiai.crx,60
Malicious browser extension | Extension ID(s): odkhdfbfgaogiiilllhhgaflifcppnge | Source: MaliciousBrowserExtensions,e3f6accc8044941dfbd5e1614b219151f86de7365e0cf0480f522d66168aa49f,odkhdfbfgaogiiilllhhgaflifcppnge.crx,60
Malicious browser extension | Extension ID(s): bnfedobijcachmijlfecldmhnebihmcj | Source: MaliciousBrowserExtensions,e4183a0a98e7fc3482a0e70a0beca11e1f770c66377b10cd0764a958a1095a22,bnfedobijcachmijlfecldmhnebihmcj.crx,60
Malicious browser extension | Extension ID(s): oaikpkmjciadfpddlpjjdapglcihgdle | Source: MaliciousBrowserExtensions,e4186ee42d77cb3d26ffec2507b8e1db921541e6472549ac5fee42d96029a698,oaikpkmjciadfpddlpjjdapglcihgdle.crx,60
Malicious browser extension | Extension ID(s): kbkajekcpifoekenleplhefobiponkmp | Source: MaliciousBrowserExtensions,e4fca71413bee106ab82ec53df12ff4d559dd9edf3b949efe9d3a170635c836b,kbkajekcpifoekenleplhefobiponkmp.crx,60
Malicious browser extension | Extension ID(s): obincfamamnccblhgjimnbegglcfmiok | Source: MaliciousBrowserExtensions,e517c611b0c775d5bb67a4b7616ccf77eaabe705919474fcab15676fa48a0e20,obincfamamnccblhgjimnbegglcfmiok.crx,60
Malicious browser extension | Extension ID(s): lmagpmnilkpgdcbkmokechmpeeojangi | Source: MaliciousBrowserExtensions,e59cd37dd989e6e6aef510648705c3f568ef1d43738a4cd5f3ea9573e8045e49,lmagpmnilkpgdcbkmokechmpeeojangi.crx,60
Malicious browser extension | Extension ID(s): ichbopbcihgldmgbgijfllfikfpeamlo | Source: MaliciousBrowserExtensions,e60843374b6d8fd69bd87f3605c91a797372a6d93df1299225a0915adca9c472,ichbopbcihgldmgbgijfllfikfpeamlo.crx,60
Malicious browser extension | Extension ID(s): jodocbbdcdclkhjkibnlfhbmllcpfkfo | Source: MaliciousBrowserExtensions,e732f6b4e08241e059c08d3f82a64be3f064baacfdafc5074ba1a4c031f51470,jodocbbdcdclkhjkibnlfhbmllcpfkfo.crx,60
Malicious browser extension | Extension ID(s): llojfncgbabajmdglnkbhmiebiinohek | Source: MaliciousBrowserExtensions,e7b3645a58748ad8f68ebfc11ec1b7aa4305972aeb6fcd26c9da028df48d4370,llojfncgbabajmdglnkbhmiebiinohek.crx,60
Malicious browser extension | Extension ID(s): ekocnfhifehpgiffogacoboddbkfcjhi | Source: MaliciousBrowserExtensions,e8126defa13d9819ecfc65cb9db99e65282848c2c039e6779b9f3176d1d80a32,ekocnfhifehpgiffogacoboddbkfcjhi.crx,60
Malicious browser extension | Extension ID(s): ieihbaicbgpebhkfebnfkdhkpdemljfb | Source: MaliciousBrowserExtensions,e89e691d3a9930621eb420a4a0f3598b5436f2f8e55fea44c8d1db68335390d9,ieihbaicbgpebhkfebnfkdhkpdemljfb.crx,60
Malicious browser extension | Extension ID(s): ljhgojgbkjkhbalonkdonmgfdoepggcp | Source: MaliciousBrowserExtensions,e8c49f07fa86a063835fd9b057ce5a055b5cdd30569762684af51fbd1accae1b,ljhgojgbkjkhbalonkdonmgfdoepggcp.crx,60
Malicious browser extension | Extension ID(s): lgbjhdkjmpgjgcbcdlhkokkckpjmedgc | Source: MaliciousBrowserExtensions,e904ed77a0f88860ac981549f18725bf7dc19b60bc11227d172a5b744c4c2d6c,lgbjhdkjmpgjgcbcdlhkokkckpjmedgc.crx,60
Malicious browser extension | Extension ID(s): mjoehhmchapliffjeiopgilfhmphfpbp | Source: MaliciousBrowserExtensions,e983f0cfe1d38776a42a8cc4aa2aa8a836e8d5a3f7e7ee337ec289ced82b9fa8,mjoehhmchapliffjeiopgilfhmphfpbp.crx,60
Malicious browser extension | Extension ID(s): glmagbbbkofdibipgefimkdfbppgodee | Source: MaliciousBrowserExtensions,e9b33b36e2db8970778dfe5b95396ad0bdf12c7abad5093463fb1f0261ef9502,glmagbbbkofdibipgefimkdfbppgodee.crx,60
Malicious browser extension | Extension ID(s): dnfdiamfhbaaicacdfmjhkfhedolbjfg | Source: MaliciousBrowserExtensions,e9ca7adcbef2d4a3bf1b469b97d5c5036d55d020f01e4ca1c413a91d960adf7a,dnfdiamfhbaaicacdfmjhkfhedolbjfg.crx,60
Malicious browser extension | Extension ID(s): ebmmjmakencgmgoijdfnbailknaaiffh | Source: MaliciousBrowserExtensions,ea62651c2cdb109cfd1363edad9753fbb5c00994cf117f0a280722785676ea55,ebmmjmakencgmgoijdfnbailknaaiffh.crx,60
Malicious browser extension | Extension ID(s): behckapcoohededfbgjgkgefgkpodeho | Source: MaliciousBrowserExtensions,eb2017bd3affc75f1f1f9e6cc86bdfad931b3238daee5c80ca94e34410acc1cc,behckapcoohededfbgjgkgefgkpodeho.crx,60
Malicious browser extension | Extension ID(s): pnhhdhhcadcjfckjhpmjneldiegbojfb | Source: MaliciousBrowserExtensions,eb2f4a74bf95b8864d1e9bd32af82fb864d377272eeca9b75e280ec4f1d10eda,pnhhdhhcadcjfckjhpmjneldiegbojfb.crx,60
Malicious browser extension | Extension ID(s): fklahklbgkgpaildaegmojabhngniomb | Source: MaliciousBrowserExtensions,eb541c62d778342a7f6f2489bd27254ff4d421157b61ce56b082b92e54ff0d60,fklahklbgkgpaildaegmojabhngniomb.crx,60
Malicious browser extension | Extension ID(s): jobeagkmmpfpepbabognchgecbehljag | Source: MaliciousBrowserExtensions,eb773ab71c0bd1f1f378534d35422601336eaeaf7f8b7206f9f2a613bb368879,jobeagkmmpfpepbabognchgecbehljag.crx,60
Malicious browser extension | Extension ID(s): ndeeopioahgjcemhhbgdoednmaleeemp | Source: MaliciousBrowserExtensions,eb97e96b5d6a689922c4037ac42994fbfca31b020057ca418ac20f76f8f7ff3e,ndeeopioahgjcemhhbgdoednmaleeemp.crx,60
Malicious browser extension | Extension ID(s): hplendamjldnefdlfdplecalljeghjpe | Source: MaliciousBrowserExtensions,ebb82ea40c88b121e5bcebed467c5be5b7003e94208edc7ed5f30751c3bbc979,hplendamjldnefdlfdplecalljeghjpe.crx,60
Malicious browser extension | Extension ID(s): mmbkmjmlnhocfcnjmbchmflamalekbnb | Source: MaliciousBrowserExtensions,ec089a0af9c687844c499f904c878fbd37c9430e9f53d8728e33f87447607f58,mmbkmjmlnhocfcnjmbchmflamalekbnb.crx,60
Malicious browser extension | Extension ID(s): pkojndcnfhneclhkfjopplcanpgaoppo | Source: MaliciousBrowserExtensions,ec1b34c31f7667b07d8ab94b4e9ef71b43dbb38b8071aa828d3102e51b257936,pkojndcnfhneclhkfjopplcanpgaoppo.crx,60
Malicious browser extension | Extension ID(s): mabbblhhnmlckjbfppkopnccllieeocp | Source: MaliciousBrowserExtensions,ec4d5cb0420920d978ff998155dd5bffc23604b204adbfafa4b0d34e29255f29,mabbblhhnmlckjbfppkopnccllieeocp.crx,60
Malicious browser extension | Extension ID(s): ooobfpifjkgeopllkalfgkbiefhooggl | Source: MaliciousBrowserExtensions,ec5b82e27f5f8aba12605ff8a2b4f9813f880da07c514b84549e09ef50d095c4,ooobfpifjkgeopllkalfgkbiefhooggl.crx,60
Malicious browser extension | Extension ID(s): kdfigodfnafejgecidbhkjlgdokkiiig | Source: MaliciousBrowserExtensions,ecbb19a82ac073d5e9f4e1055502a95e4babbf6e0e8936ba54840fdb9e2671e5,kdfigodfnafejgecidbhkjlgdokkiiig.crx,60
Malicious browser extension | Extension ID(s): fnfhdeimoegdjjpnmlpfjpchpmndamii | Source: MaliciousBrowserExtensions,ecc5c2e8fe6146648139a2177d75bf677247fb1733875df30254c689819be8a6,fnfhdeimoegdjjpnmlpfjpchpmndamii.crx,60
Malicious browser extension | Extension ID(s): klmkbfdadoijkjkinfbbncmmoepeibek | Source: MaliciousBrowserExtensions,eccbb21bdc29368c4a411820b5a4409ed58c4e7846e50043528cf015598b753a,klmkbfdadoijkjkinfbbncmmoepeibek.crx,60
Malicious browser extension | Extension ID(s): lnmkicmjchoonmpmfpkjlbiejkepdjmh | Source: MaliciousBrowserExtensions,ecde73b2193fc2807e76f69bfbb8f94b11891bd3436931d9133e5a230e25ab30,lnmkicmjchoonmpmfpkjlbiejkepdjmh.crx,60
Malicious browser extension | Extension ID(s): eibdnpjboejipjmbkodlbcjlmdjikpjf | Source: MaliciousBrowserExtensions,ecfd1a2753c1d60a6207e35e41054debdcd10cecd7188de186328fb08e9fa847,eibdnpjboejipjmbkodlbcjlmdjikpjf.crx,60
Malicious browser extension | Extension ID(s): fhhimhicabffjclofbpjhkbnfdjmdmpj | Source: MaliciousBrowserExtensions,ed0762ef7e4b6e98e18c0132cb195592dfd5bb21828a30234af5be008b19272d,fhhimhicabffjclofbpjhkbnfdjmdmpj.crx,60
Malicious browser extension | Extension ID(s): eanofdhdfbcalhflpbdipkjjkoimeeod | Source: MaliciousBrowserExtensions,ed0b99100a51a9faac90ccd7f874812cb9993347df8dae076f34f884929984f2,eanofdhdfbcalhflpbdipkjjkoimeeod.crx,60
Malicious browser extension | Extension ID(s): kmiidcaojgeepjlccoalkdimgpfnbagj | Source: MaliciousBrowserExtensions,ee46d2fff2658c58d5ae0c0140e47947d0a0950e4f7088014ed9140e9720f7d2,kmiidcaojgeepjlccoalkdimgpfnbagj.crx,60
Malicious browser extension | Extension ID(s): dlpiookhionidajbiopmaajeckifeehn | Source: MaliciousBrowserExtensions,eeed10bee73b2b78a578716eb8b2cf80210553f8062e461f88bd740ae959d849,dlpiookhionidajbiopmaajeckifeehn.crx,60
Malicious browser extension | Extension ID(s): kkfkknaikhhjojoidojlenioadfjecof | Source: MaliciousBrowserExtensions,f053021f37ba2757f33b1e73cb7c207027bab5539b0062cbb39f7a4904a9f2e1,kkfkknaikhhjojoidojlenioadfjecof.crx,60
Malicious browser extension | Extension ID(s): nkacmelgoeejhjgmmgflbcdhonpaplcg | Source: MaliciousBrowserExtensions,f06051009c9a31bfb42de8ce37acd6d97ea1a7fd2896330764f311f6cfb2617c,nkacmelgoeejhjgmmgflbcdhonpaplcg.crx,60
Malicious browser extension | Extension ID(s): nelbpdjegmhhgpfcjclhdmkcglimkjpp | Source: MaliciousBrowserExtensions,f0663f784e75fe89638b03f1415dece59fabfe5cf8cee2cfa24e4ffe81c61d25,nelbpdjegmhhgpfcjclhdmkcglimkjpp.crx,60
Malicious browser extension | Extension ID(s): hpgfgaaaageiokfojfajdgjkkbadofjo | Source: MaliciousBrowserExtensions,f07a2abab11f9c79d39c8fe6128fc30de70c0cb2e901d4dea104e51c556b2a4a,hpgfgaaaageiokfojfajdgjkkbadofjo.crx,60
Malicious browser extension | Extension ID(s): innjppfndpgigpnoicbofacmdpiblmge | Source: MaliciousBrowserExtensions,f0a373ab4db299b31dd4b5751e2a57580a4ab45c74ed4ed634b4773a8ad41213,innjppfndpgigpnoicbofacmdpiblmge.crx,60
Malicious browser extension | Extension ID(s): hpgghhpnkoamfbhiihfachccnkdlkiog | Source: MaliciousBrowserExtensions,f0cc810c184d9248fcd4ff9092314b9762309884e6fb9262ca71c4b510fe0f5c,hpgghhpnkoamfbhiihfachccnkdlkiog.crx,60
Malicious browser extension | Extension ID(s): agplicjllogkjijnddgfjincdaagkbno | Source: MaliciousBrowserExtensions,f0da7b29c79e47858374622f1284478c3bf1b4a489855d365c3f0969a99fe5d0,agplicjllogkjijnddgfjincdaagkbno.crx,60
Malicious browser extension | Extension ID(s): bdjlclmlpcdhiclbimfhhgpgilbeboof | Source: MaliciousBrowserExtensions,f115629456da6b2ede189fe21c68f5dd713873faec2df2c592eb3bb1be6fca23,bdjlclmlpcdhiclbimfhhgpgilbeboof.crx,60
Malicious browser extension | Extension ID(s): eijcacggdeflehoekbdgljongmobmchj | Source: MaliciousBrowserExtensions,f1220c0bc686444ec7c5298481b7a05ad637251c395e7e9d9d273b5f1d8370ae,eijcacggdeflehoekbdgljongmobmchj.crx,60
Malicious browser extension | Extension ID(s): lnajjhohknhgemncbaomjjjpmpdigedg | Source: MaliciousBrowserExtensions,f151378378e776004d5f848087d6d84d2755923f197ef9faa8fa67e35c245c7f,lnajjhohknhgemncbaomjjjpmpdigedg.crx,60
Malicious browser extension | Extension ID(s): lcijkepobdokkgmefebkiejhealgblle | Source: MaliciousBrowserExtensions,f23fd9847cdefe3d4c34236d16911c4929071db12d1f351777c5d47adf5085f1,lcijkepobdokkgmefebkiejhealgblle.crx,60
Malicious browser extension | Extension ID(s): ljbgkfbiifhpgpipepnfefijldolkhlm | Source: MaliciousBrowserExtensions,f2afb8df786f7782c70a48241bcad3a1f25dcbafe7423ef0872d03e6ef91c555,ljbgkfbiifhpgpipepnfefijldolkhlm.crx,60
Malicious browser extension | Extension ID(s): ijldnndgkkdkglbpneecjeedmnhklflh | Source: MaliciousBrowserExtensions,f2b2ec98baf5aeaed6c447ef90f8cd7c149ce1adbfe6eed46f45e216918e4717,ijldnndgkkdkglbpneecjeedmnhklflh.crx,60
Malicious browser extension | Extension ID(s): dijdbcdjngogkbpgldngbflblkbkicla | Source: MaliciousBrowserExtensions,f327913e6a610ef18f92086c46a3985996126b10460f1b6fb45e2dd1b6c48d2c,dijdbcdjngogkbpgldngbflblkbkicla.crx,60
Malicious browser extension | Extension ID(s): lklfbkdigihjaaeamncibechhgalldgl | Source: MaliciousBrowserExtensions,f35a04438dea9cb23ce048049535cf3db1ade2d2e8a1e9bcbe907be3209b7732,lklfbkdigihjaaeamncibechhgalldgl.crx,60
Malicious browser extension | Extension ID(s): ebfkhmjpdjojecendlbkchjohblodlob | Source: MaliciousBrowserExtensions,f380d9769785e047f076ffd7cad58aad619b619a60ec3d08c93262b50443b5c6,ebfkhmjpdjojecendlbkchjohblodlob.crx,60
Malicious browser extension | Extension ID(s): gjlbbcimkbncedhofeknicfkhgaocohl | Source: MaliciousBrowserExtensions,f43cbd462edf820af7b0f1d83315c4b5125e35614754f5b024bdb087a38e36d5,gjlbbcimkbncedhofeknicfkhgaocohl.crx,60
Malicious browser extension | Extension ID(s): cldooaldimmjpalhfppedmgbnocajian | Source: MaliciousBrowserExtensions,f43d40a6ef9fa52256f3868972792640964899ed16a1e2a3385721a46b7bc6a4,cldooaldimmjpalhfppedmgbnocajian.crx,60
Malicious browser extension | Extension ID(s): nmijijenojhiaohkfedfgchgbmjnfcpp | Source: MaliciousBrowserExtensions,f4b638b61090e65d017a336aa5135ad9cdb321e7e90289f3fd2e949bd04c744d,nmijijenojhiaohkfedfgchgbmjnfcpp.crx,60
Malicious browser extension | Extension ID(s): ickldhbificbikdaaljpcddekdmngjjc | Source: MaliciousBrowserExtensions,f4bf48a1f3f3ae1a9bbe7256639d54134296f733556e6cf10c80c0b18bbbf822,ickldhbificbikdaaljpcddekdmngjjc.crx,60
Malicious browser extension | Extension ID(s): pkjnnicnapmkdflpbbfhnnhbcgchgbcm | Source: MaliciousBrowserExtensions,f522b80cac6502005f7df0b61c7d02f04bb18bee6d1409f8606f4dc23336cce9,pkjnnicnapmkdflpbbfhnnhbcgchgbcm.crx,60
Malicious browser extension | Extension ID(s): acdihpjgbhodcikbhikhhgkafmbbmemp | Source: MaliciousBrowserExtensions,f59a26e036fb3239d0f9fe897d661333de41cb4682b611bc4ef6ffe70bc05622,acdihpjgbhodcikbhikhhgkafmbbmemp.crx,60
Malicious browser extension | Extension ID(s): oeddabhhipaomblagaohfjfcikjacide | Source: MaliciousBrowserExtensions,f5b184f94524f40898643b4489c3caded8fab486fbdca7b0271078c94b87c4a9,oeddabhhipaomblagaohfjfcikjacide.crx,60
Malicious browser extension | Extension ID(s): adjnaekfhknjhcagnejdcfelbjdcfjgj | Source: MaliciousBrowserExtensions,f6a85dacc54f262307986bde026fe7b73a9c9cb1bb3edba088297d575ad010f8,adjnaekfhknjhcagnejdcfelbjdcfjgj.crx,60
Malicious browser extension | Extension ID(s): nkgbfengofophpmonladgaldioelckbe | Source: MaliciousBrowserExtensions,f6cef10b56108203221646d469619c6e1589bade712799010068273a97eda597,nkgbfengofophpmonladgaldioelckbe.crx,60
Malicious browser extension | Extension ID(s): eaolghfmnajoaejicijdbpkicimmomcn | Source: MaliciousBrowserExtensions,f70bffdf26d0265216535624bb1f05f578d95e810e40353e78e2b1f78b1ab9d5,eaolghfmnajoaejicijdbpkicimmomcn.crx,60
Malicious browser extension | Extension ID(s): dceikamljmmhdjagikodokbkdmbancpb | Source: MaliciousBrowserExtensions,f722f73777d2d22a0b59cc9685ff58fc988aeedb567d0972a6c2a2c6873c44b2,dceikamljmmhdjagikodokbkdmbancpb.crx,60
Malicious browser extension | Extension ID(s): afcjbeaomliemmngehinaekimohojokc | Source: MaliciousBrowserExtensions,f74ebdf4775aef508cbf32381e58323b1208a56832cd05db341fe2827c0313bc,afcjbeaomliemmngehinaekimohojokc.crx,60
Malicious browser extension | Extension ID(s): koecfhecfkmjkjplbmbclgacdclnnpei | Source: MaliciousBrowserExtensions,f812d2f91c8c2b96ddd52c986f77c52e6303d94ab38ddaa6f1b18451909ed99e,koecfhecfkmjkjplbmbclgacdclnnpei.crx,60
Malicious browser extension | Extension ID(s): giecgobdmgdamgffeoankaipjkdjbfep | Source: MaliciousBrowserExtensions,f85ef921f41b34f251f79717859823894c36b6bad87e4a5cf5b450948e40cfd6,giecgobdmgdamgffeoankaipjkdjbfep.crx,60
Malicious browser extension | Extension ID(s): celjebeafmieepphodddabmegonmanoo | Source: MaliciousBrowserExtensions,f8698fbd46bd1e58dcf9ca5456992abae4aecf620ac30d3eccbf4442989ea1fd,celjebeafmieepphodddabmegonmanoo.crx,60
Malicious browser extension | Extension ID(s): iingfcnnoibkdojcnfahhflafimjikce | Source: MaliciousBrowserExtensions,f87b172ea3d13612ad518f2b4be224382f707651799f14a9a9740b2c6225eb41,iingfcnnoibkdojcnfahhflafimjikce.crx,60
Malicious browser extension | Extension ID(s): kjnakdbpijigdbfepipnbafnhbcfdkga | Source: MaliciousBrowserExtensions,f88f8ef8433aed5e00a02e0bb1bf77b5c19df1c51c702e63e2ba964d0c59aa7a,kjnakdbpijigdbfepipnbafnhbcfdkga.crx,60
Malicious browser extension | Extension ID(s): bmldimmhaamlfaijnmhikfidngaennjo | Source: MaliciousBrowserExtensions,f8c44dbb1d9b515d9806710cf9d06068099c4ace8a46ab7ca5f77fb4b0f79bd1,bmldimmhaamlfaijnmhikfidngaennjo.crx,60
Malicious browser extension | Extension ID(s): decnpcihddaibncfimicaidmhmhfgpjb | Source: MaliciousBrowserExtensions,f9438023f1c7be568fe092f3df3128812d4af8c83086954a8efaef75ff4ced4d,decnpcihddaibncfimicaidmhmhfgpjb.crx,60
Malicious browser extension | Extension ID(s): ocdgeajebolgofbpnlahdipclagnibpm | Source: MaliciousBrowserExtensions,f9c2c7e6e0f0ff78394e1cc72b43e277842eed341694437b1636169391701d51,ocdgeajebolgofbpnlahdipclagnibpm.crx,60
Malicious browser extension | Extension ID(s): loiofaagnefbonjdjklhacdhfkolcfgi | Source: MaliciousBrowserExtensions,fa0dca2d66627d2de7aa0530a1149b7c10cadddfc06bc53bb891edbd177723e5,loiofaagnefbonjdjklhacdhfkolcfgi.crx,60
Malicious browser extension | Extension ID(s): lopjckeffpljbofkaldmojbbjlkjdfcf | Source: MaliciousBrowserExtensions,fa1a718563de3fc6e5cee988258af7dd47c10a565633e1f8a20fbc1522a9c299,lopjckeffpljbofkaldmojbbjlkjdfcf.crx,60
Malicious browser extension | Extension ID(s): ejgbcpimeldphonnomlcjbagoepjadpo | Source: MaliciousBrowserExtensions,fa4db5383ea6d83a8b7f800d957d8bbe09b8eb4ea5cb7648062f6af70c873894,ejgbcpimeldphonnomlcjbagoepjadpo.crx,60
Malicious browser extension | Extension ID(s): gjpinhcpfmeokkonngflhkolacglkpmh | Source: MaliciousBrowserExtensions,fa568197a5e48d5f44730105acd0024127cff2d973d711d5f42407cc0f90372e,gjpinhcpfmeokkonngflhkolacglkpmh.crx,60
Malicious browser extension | Extension ID(s): nllfmbmeibkjhdidkhnnpbblneepaonh | Source: MaliciousBrowserExtensions,fac4026856cc14e83e5537d02bf8088eb59308e55ca20edc56581ab3d40ae791,nllfmbmeibkjhdidkhnnpbblneepaonh.crx,60
Malicious browser extension | Extension ID(s): aojolglblgegdlejhldpeadnglkcheba | Source: MaliciousBrowserExtensions,fad1fa4a2d099114b3ebb9f83a15cd3af28c99c9a617cbdeb2e4b7cf3e64c7b5,aojolglblgegdlejhldpeadnglkcheba.crx,60
Malicious browser extension | Extension ID(s): oeaifghbbhjomcgbgpihadpbfnpidggi | Source: MaliciousBrowserExtensions,fb5c983b2018ebcc3330d86c5f0bd7a5554cef9d68f94e525e6aebe96fb1fe7b,oeaifghbbhjomcgbgpihadpbfnpidggi.crx,60
Malicious browser extension | Extension ID(s): mchacgmgddefeohkjobefhihbadocneh | Source: MaliciousBrowserExtensions,fb964cc7b6bebb56cf1d09010be3f307d10afdfab19caea969e1355e1e00d98e,mchacgmgddefeohkjobefhihbadocneh.crx,60
Malicious browser extension | Extension ID(s): hcaldgnpjniegbmfdoooceicdcfpcdgj | Source: MaliciousBrowserExtensions,fbd0d2e1f39e680a669b0bcd075645917670d8dffde3ee3717124e85b1b9a246,hcaldgnpjniegbmfdoooceicdcfpcdgj.crx,60
Malicious browser extension | Extension ID(s): gchhlaonopipkknacbdepodlighedgkj | Source: MaliciousBrowserExtensions,fbd68bbabf4a3f8d520b6e74280db775737e15365636d341d97c1aa1850e0798,gchhlaonopipkknacbdepodlighedgkj.crx,60
Malicious browser extension | Extension ID(s): nhknddogcpmenomfpndcdcgocdkdhmmo | Source: MaliciousBrowserExtensions,fbfffab69cbf1c36644e06adbe5f42e79674040e7b7196a94cb93084d5fd88b1,nhknddogcpmenomfpndcdcgocdkdhmmo.crx,60
Malicious browser extension | Extension ID(s): dpbilbpinfjkhciajdcifndlpegepokc | Source: MaliciousBrowserExtensions,fc1e4d42c482556d599be7ed9c75d583ee170b79841645865522b7fdb258c700,dpbilbpinfjkhciajdcifndlpegepokc.crx,60
Malicious browser extension | Extension ID(s): hgbinhfdcidmbpfnmgekpbmomohmnnnp | Source: MaliciousBrowserExtensions,fc41e4cbb42e9e6a570cce5d01c246cd4f486118a386ca68ed7b8ea16d5bf323,hgbinhfdcidmbpfnmgekpbmomohmnnnp.crx,60
Malicious browser extension | Extension ID(s): mjcgfimemamogfmekphcfdehfkkbmldn | Source: MaliciousBrowserExtensions,fc56ce1cfda021a7b9a139cc8ea7e4a492fe9c4898bc6c29c35ff9bb1790afc2,mjcgfimemamogfmekphcfdehfkkbmldn.crx,60
Malicious browser extension | Extension ID(s): fnfaggodhehejkigojefdehaffoneokd | Source: MaliciousBrowserExtensions,fc6252f8a92a832ff86d737cf860b1fcb7e17d7eca42639a4cb4701370fb6b25,fnfaggodhehejkigojefdehaffoneokd.crx,60
Malicious browser extension | Extension ID(s): ekagjpmdcapijgpldiojceionmnleifj | Source: MaliciousBrowserExtensions,fccbe24c0742844a1721acfc47486282ba6f5f5560da30714710e7f0ca72a509,ekagjpmdcapijgpldiojceionmnleifj.crx,60
Malicious browser extension | Extension ID(s): ncdgmomaanghnglcjhmhbbianeaddcnf | Source: MaliciousBrowserExtensions,fd5f685cb9a2b0362773eecb78d925f359f2785ac16df2f028ab990c0e09fbe4,ncdgmomaanghnglcjhmhbbianeaddcnf.crx,60
Malicious browser extension | Extension ID(s): ibelidmkbnjmmpjgfibbdbkamgcbnjdm | Source: MaliciousBrowserExtensions,fd685d13e276765811b4baba1ad166994f9b3630ee18bcc01520b45da62d6f73,ibelidmkbnjmmpjgfibbdbkamgcbnjdm.crx,60
Malicious browser extension | Extension ID(s): hobopaghoileeibgbnfofpoaggheplbf | Source: MaliciousBrowserExtensions,fdbb8c4ed5c25548afdb355a55e8090174e489036e940fc8c8cfd966b24dae2a,hobopaghoileeibgbnfofpoaggheplbf.crx,60
Malicious browser extension | Extension ID(s): pgajoncdggainfbdmibbgmoaahkccmkc | Source: MaliciousBrowserExtensions,fdc751bfee74e3bb26011c143e7cea956201bcae97986a2b003fedb99c2bb766,pgajoncdggainfbdmibbgmoaahkccmkc.crx,60
Malicious browser extension | Extension ID(s): kpmgcdgnpkbfajhgbmagkaccibnekbdm | Source: MaliciousBrowserExtensions,fdf0330a73387e73f190c13f8697f0852f6a63daea4554c64d5c41027bedcc43,kpmgcdgnpkbfajhgbmagkaccibnekbdm.crx,60
Malicious browser extension | Extension ID(s): djfpdmpoladfinglebbgkpcbiifhpmed | Source: MaliciousBrowserExtensions,fe4f2927caccf6b524360366c606cff84ac9a0a8dc6c7f1a5522ca87f5fcdbcd,djfpdmpoladfinglebbgkpcbiifhpmed.crx,60
Malicious browser extension | Extension ID(s): jlkogclddcocddkbgleneedobmfcflji | Source: MaliciousBrowserExtensions,fe7f188fd353731a069566cea610149b82052da4fdb21e2b4b600ad13b69664a,jlkogclddcocddkbgleneedobmfcflji.crx,60
Malicious browser extension | Extension ID(s): nipfdfkjnidadibpbflijepbllfkokac | Source: MaliciousBrowserExtensions,fedc1b52dcaebc8967b86d3abab7c872a81385889c6d3d3381150e31150852c6,nipfdfkjnidadibpbflijepbllfkokac.crx,60
Malicious browser extension | Extension ID(s): eoilhlidnimmdpafpgiehnmeoedjagge | Source: MaliciousBrowserExtensions,fede32ad2f6b9ee5b99aad1608e792de2d7c417a9e3d71693bcae0c9b7241e80,eoilhlidnimmdpafpgiehnmeoedjagge.crx,60
Malicious browser extension | Extension ID(s): hnembaemjbciokbnhklbcngopfakpkeo | Source: MaliciousBrowserExtensions,ff78f96c0c806020752e3fec071147013d09f4a3d247b6742fd7a28d175e9cc7,hnembaemjbciokbnhklbcngopfakpkeo.crx,60
